id	source	raw_lat	raw_lon	verdict
7636391	object-location	21.023744	105.856143	ok
14638091	object-location	21.00833333	105.90555556	ok
135952127	object-location	21.0208459	105.8519134	ok
40536422	object-location	21.020238	105.821353	ok
40536448	object-location	21.020238	105.821353	ok
40536585	object-location	21.020238	105.821353	ok
2907128	object-location	21.03166667	105.83941667	ok
37247051	object-location	21.036747	105.834641	ok
37247106	object-location	21.036747	105.834641	ok
37247271	object-location	21.020238	105.821353	ok
37249119	object-location	21.031695	105.853365	ok
37249190	object-location	21.030725	105.852388	ok
40535728	object-location	21.035217	105.84026	ok
40536676	object-location	21.020238	105.821353	ok
49382729	object-location	21.0315688	105.8512676	ok
49559249	object-location	21.035591	105.832651	ok
49576877	object-location	21.035591	105.832651	ok
49577421	object-location	21.036747	105.834641	ok
49606754	object-location	21.031695	105.853365	ok
88564363	object-location	21.0367	105.8347	ok
62661094	exif		105.83621615543889	rejected
62738260	exif	20.968428729102776		rejected
62738261	exif	20.968428729102776		rejected
40536628	object-location	21.020238	105.821353	ok
62661259	exif		105.850247796625	rejected
62661377	exif		105.85023547522722	rejected
66864338	exif		105.85352361202222	rejected
66865133	exif		105.85457922890832	rejected
62737613	exif		105.8144886698611	rejected
62658444	exif		105.81707607954749	rejected
66929541	exif	20.976064978166665		rejected
66929542	exif	20.976064978166665		rejected
66929543	exif	20.976064978166665		rejected
66929544	exif		105.91454727116667	rejected
66874480	exif		105.85389375686665	rejected
62738415	exif	21.021012514830556		rejected
89175100	object-location	21.0372398	105.7830885	ok
17284720	object-location	21.024167	105.857778	ok
66958037	exif		105.85707958241666	rejected
37247783	object-location	21.020238	105.821353	ok
37247323	object-location	21.020238	105.821353	ok
40536194	object-location	21.020238	105.821353	ok
57880506	exif	10.803233333333335	106.7489	ok
67073683	exif		105.92262498877223	rejected
199653416	exif	21.0300746	105.8440485	ok
199653415	exif	21.0300819	105.84402089999999	ok
54070909	exif	21.321736666666666	103.91931833333334	ok
113372104	exif	10.866230555555555	106.80250555555556	ok
57880391	exif	10.816202777777779	106.7574	ok
66874481	exif		105.85389375686665	rejected
105754936	exif	20.91198888888889	107.0176861111111	ok
145578830	exif	37.33925555555556	-121.88392777777779	ok
57497022	exif	10.837794444444445	106.76744722222222	ok
66874526	exif		105.85389375686665	rejected
66874527	exif		105.8538458962	rejected
163608599	object-location	21.02931283	105.85431239	ok
163557981	object-location	21.02931283	105.85431239	ok
66874568	exif		105.8538458962	rejected
66874569	exif		105.85556552745277	rejected
66874567	exif		105.8538458962	rejected
112811349	object-location	21.02786	105.8523	ok
62660733	exif	21.03006664663889		rejected
50247240	exif		105.84599800408333	rejected
6341602	object-location	21.02786	105.8523	ok
62524974	exif	53.13564972222222	7.029135277777778	ok
10732643	object-location	21.02786	105.8523	ok
66864747	exif		105.85389375686665	rejected
66864730	exif		105.85326754488055	rejected
66864731	exif		105.85457922890832	rejected
66864729	exif		105.85347583517499	rejected
66864751	exif		105.85584699176388	rejected
66864755	exif		105.85933864116666	rejected
66864740	exif		105.85048416629444	rejected
62661493	exif		105.85412861779444	rejected
62526560	exif	53.135530555555555	7.028936944444444	ok
66864752	exif		105.85933864116666	rejected
66864749	exif		105.85389375686665	rejected
66864744	exif		105.85048416629444	rejected
66864748	exif		105.85389375686665	rejected
66864750	exif		105.85584699176388	rejected
66864998	exif		105.85326754488055	rejected
66865016	exif		105.85204294882777	rejected
66864999	exif		105.85326754488055	rejected
5627409	object-location	21.02786	105.8523	ok
3189924	object-location	21.02786	105.8523	ok
3848535	object-location	21.02786	105.8523	ok
66874376	exif		105.85204294882777	rejected
2994954	object-location	21.02786	105.8523	ok
10732633	object-location	21.02786	105.8523	ok
184763887	exif	30.239808333333333	120.13934444444445	ok
151016666	exif	30.234024	120.145105	ok
90519050	exif	30.24487166666667	120.153525	ok
90519058	exif	30.247731666666667	120.154535	ok
90519052	exif	30.2331	120.14401333333333	ok
90519049	exif	30.232985	120.14381333333333	ok
90519045	exif	30.242018333333334	120.13977333333334	ok
90519056	exif	30.244598333333332	120.15059	ok
90519055	exif	30.241975	120.14099833333333	ok
90519047	exif	30.241751666666666	120.14193166666666	ok
134444744	exif	10.749927777777778	106.65075833333334	ok
134444731	exif	10.749927777777778	106.65075833333334	ok
134444626	exif	10.749097222222222	106.65126111111111	ok
134444594	exif	10.749108333333332	106.65147222222222	ok
134444616	exif	10.749097222222222	106.65126111111111	ok
134444643	exif	10.749097222222222	106.65126111111111	ok
134444677	exif	10.749558333333333	106.65066666666667	ok
192876268	exif	30.24841111111111	120.13243055555554	ok
134444755	exif	10.749927777777778	106.65075833333334	ok
134444520	exif	10.749422222222222	106.6514138888889	ok
134444398	exif	10.749444444444444	106.65149722222223	ok
134444655	exif	10.749238888888888	106.65105555555556	ok
134444705	exif	10.749266666666665	106.65060555555556	ok
134444584	exif	10.749424999999999	106.65142222222222	ok
134444416	exif	10.749419444444444	106.65144166666667	ok
82437375	exif	26.09647777777778	119.28266944444444	ok
134444560	exif	10.749422222222222	106.6514138888889	ok
30609437	exif	25.21244722222222	-80.85118888888888	ok
192876303	exif	30.240375	120.14541666666668	ok
192876358	exif	30.253055555555555	120.15735000000001	ok
49466641	exif	30.23204611111111	120.13961027777779	ok
192876228	exif	30.238830555555555	120.13552777777778	ok
49466633	exif	30.2529125	120.13974761111112	ok
49466728	exif	30.234444444444446	120.14555555555556	ok
69750266	exif	30.256283333333332	120.15907222222222	ok
192876805	exif	30.260355555555556	120.14672777777778	ok
52231941	exif	30.25381388888889	120.13195416666666	ok
63334110	exif	30.245847222222224	120.13803052777779	ok
49466734	exif	30.233951555555556	120.1450118888889	ok
38003527	exif	30.256244444444444	120.15894444444444	ok
49466727	exif	30.23407363888889	120.14508055555557	ok
49466733	exif	30.233850472222223	120.14503477777778	ok
146943846	exif	31.806364059444444	119.9706878661111	ok
148275530	exif	30.25556111111111	120.15690555555557	ok
30609454	exif	25.212286111111112	-80.85156388888889	ok
142863451	exif	30.246733333333335	120.14748333333333	ok
93382579	object-location	47.749407	18.560089	ok
63334151	exif	30.255230555555556	120.14613333333334	ok
134444075	exif	10.750333333333334	106.65216666666667	ok
63334106	exif	30.25821388888889	120.14967222222222	ok
93642997	exif	30.23650775	120.13674502777778	ok
52333635	exif	30.23448888888889	120.1380388888889	ok
59349539	exif		105.9004304874675	rejected
59349541	exif		105.9004304874675	rejected
62736926	exif		105.89971376583334	rejected
61226447	exif		105.89938201011111	rejected
62654191	exif		105.89965368252778	rejected
62736925	exif		105.89971376583334	rejected
62736924	exif		105.89971376583334	rejected
62736937	exif		105.89966598897223	rejected
14638059	object-location	21.00833333	105.90555556	ok
57961765	exif	10.788368888888888	106.94808888888889	ok
66761258	exif		105.89976481161112	rejected
66761278	exif		105.89985273777778	rejected
66761276	exif		105.89985273777778	rejected
66761307	exif		105.90045495503057	rejected
66761305	exif		105.90045495503057	rejected
66761263	exif		105.89976481161112	rejected
66761277	exif		105.89949131011112	rejected
66761270	exif		105.89949131011112	rejected
66761275	exif		105.89949131011112	rejected
66761319	exif		105.90020265110529	rejected
66761262	exif		105.89947680941667	rejected
66761301	exif		105.90042769693473	rejected
66761255	exif		105.89976481161112	rejected
66761265	exif		105.89949131011112	rejected
66761269	exif		105.89949131011112	rejected
66761302	exif		105.90044495223695	rejected
66761295	exif		105.90046056869944	rejected
66761256	exif		105.89976481161112	rejected
66761317	exif		105.90020265110529	rejected
66761268	exif		105.89949131011112	rejected
66761313	exif		105.90048200043167	rejected
66761133	exif		105.9003946216364	rejected
66761135	exif		105.9003946216364	rejected
66761126	exif		105.89985273777778	rejected
66761130	exif		105.90046056869944	rejected
62738416	exif	21.021012514830556		rejected
56262993	exif	10.602666666666666	105.001	ok
56262524	exif	10.474166666666667	105.0405	ok
56262491	exif	10.465499999999999	105.0175	ok
56262488	exif	10.466	105.01783333333333	ok
56262976	exif	10.528166666666666	105.028	ok
28842137	exif	53.90782166666666	8.610538333333333	ok
57640660	exif	10.339197222222223	107.07161666666666	ok
6931019	object-location	11.6	165.5	rejected
125294804	exif	51.499295	3.4837966666666667	ok
150061968	exif	40.000905	23.579111666666666	ok
34841661	exif	35.152675	24.472036666666668	ok
84344084	exif	-38.60151333333334	142.85873333333333	ok
84344099	exif	-38.66416666666667	143.10389166666667	ok
89640439	exif	6.093106111666667	80.98836861166667	ok
79805168	object-location	-43.54719722	172.74978333	ok
73632228	exif	39.626095	19.925159999999998	ok
41142666	exif	54.62083333333333	13.379166666666666	ok
29775601	exif	54.38318	13.699845	ok
91711973	exif	44.50315972166667	33.507691388333335	ok
67355516	exif	53.13558797222222	7.029310694444445	ok
67355517	exif	53.13558797222222	7.029310694444445	ok
101931614	exif	34.748962402222226	113.68200683583333	ok
31535070	exif	36.89543166666667	111.86972333333334	ok
3584240	object-location	52.24611111	20.99583333	ok
44047469	exif	39.14118333333333	117.183175	ok
29585887	object-location	48.518998	9.051679	ok
76245934	exif	29.305855555555556	-94.79034444444444	ok
158835426	object-location	53.48458859	-2.24409005	ok
99642803	exif	35.35702666666667	35.92402666666667	ok
108765115	exif	52.37037658333333	4.889842027777777	ok
108765131	exif	52.37029263888889	4.889761916666666	ok
108765121	exif	52.37037658333333	4.889842027777777	ok
108765118	exif	52.37029263888889	4.889761916666666	ok
9153016	object-location	53.1935	-1.092	ok
76089515	exif	50.25388888888889	19.02638888888889	ok
154736306	object-location	52.4101724	-0.26239576	ok
159064658	object-location	51.45404851	-2.58929311	ok
13394574	object-location	53.19041	-1.0973	ok
13394577	object-location	53.19261	-1.1032	ok
13394575	object-location	53.19362	-1.0931	ok
13394576	object-location	53.19146	-1.093	ok
178065662	exif	43.517654	16.251256	ok
13531521	object-location	55.73485	-3.9905	ok
178065663	exif	43.5174547	16.251075499722223	ok
123908005	object-location	53.19084975	-1.10151308	ok
117484967	object-location	53.1902722	-1.0968853	ok
141668522	object-location	53.19055238	-1.09822602	ok
117891449	object-location	53.19330831	-1.09397697	ok
119531074	exif	40.23788611111111	-74.76945555555555	ok
85846951	exif	40.654694972222224	-74.004007	ok
18568126	exif	40.75102615356445	-73.98698425292969	ok
85846698	exif	40.655107	-74.003815	ok
176815367	exif	39.95944444444445	-75.19370277777779	ok
176815369	exif	39.960594444444446	-75.19395277777778	ok
127279483	exif	43.5170412	16.251366099722222	ok
133219139	exif	43.551338333333334	7.01072	ok
133614196	exif	-2.9017027222222223	-79.00458611111111	ok
17504910	exif	53.109838	23.128506	ok
17504909	exif	53.10983698333333	23.128505	ok
17504908	exif	53.10983698333333	23.128506	ok
110677604	exif	10.814722222222223	106.67166666666667	ok
