id	user	date	date_kind	lon	lat	accuracy	url	title	user_id	found_via	date_raw
17284720	Benoît Prieur	2003	taken	105.857778	21.024167		https://commons.wikimedia.org/?curid=17284720	File:Hanoi Opera House - 2003.jpg	1321769	category-tree	2003
14638091	Bùi Thế Tâm	2009-09-26T08:54:51	taken	105.905556	21.008333		https://commons.wikimedia.org/?curid=14638091	File:ThoKhoi TamQuan.JPG		category-tree (vi.wp transfer)	2009:09:26 08:54:51
37249119	Cccefalon	2011-05-09T10:52:03	taken	105.853365	21.031695		https://commons.wikimedia.org/?curid=37249119	File:Hanoi Vietnam Thang-Long-Water-Puppet-Theatre-01.jpg	1544168	category-tree	2011:05:09 10:52:03
49606754	Cccefalon	2011-05-09T11:04:48	taken	105.853365	21.031695		https://commons.wikimedia.org/?curid=49606754	File:Hanoi Vietnam Shrine-at-Hoàn-Kiếm-Lake-01.jpg	1544168	category-tree	2011:05:09 11:04:48
37249190	Cccefalon	2011-05-09T11:38:15	taken	105.852388	21.030725		https://commons.wikimedia.org/?curid=37249190	File:Hanoi Vietnam Temple-of-the-Jade-Mountain-01.jpg	1544168	category-tree	2011:05:09 11:38:15
49559249	Cccefalon	2011-05-10T08:46:51	taken	105.832651	21.035591		https://commons.wikimedia.org/?curid=49559249	File:Hanoi Vietnam Ho-Chi-Minh-Museum-01.jpg	1544168	category-tree	2011:05:10 08:46:51
49576877	Cccefalon	2011-05-10T08:52:06	taken	105.832651	21.035591		https://commons.wikimedia.org/?curid=49576877	File:Hanoi Vietnam Ho-Chi-Minh-Museum-02.jpg	1544168	category-tree	2011:05:10 08:52:06
49577421	Cccefalon	2011-05-10T09:45:25	taken	105.834641	21.036747		https://commons.wikimedia.org/?curid=49577421	File:Hanoi Vietnam Mausoleum-of-Ho-Chi-Minh-03.jpg	1544168	category-tree	2011:05:10 09:45:25
37247106	Cccefalon	2011-05-10T09:47:47	taken	105.834641	21.036747		https://commons.wikimedia.org/?curid=37247106	File:Hanoi Vietnam Mausoleum-of-Ho-Chi-Minh-02.jpg	1544168	category-tree	2011:05:10 09:47:47
40535728	Cccefalon	2011-05-10T10:41:13	taken	105.840260	21.035217		https://commons.wikimedia.org/?curid=40535728	File:Hanoi Vietnam Đoan-môn-01.jpg	1544168	category-tree	2011:05:10 10:41:13
37247271	Cccefalon	2011-05-10T10:50:55	taken	105.821353	21.020238		https://commons.wikimedia.org/?curid=37247271	File:Hanoi Vietnam The-omnipresent-plastic-chairs-01.jpg	1544168	category-tree	2011:05:10 10:50:55
40535788	Cccefalon	2011-05-10T11:24:11	taken	105.840260	21.035217		https://commons.wikimedia.org/?curid=40535788	File:Hanoi Vietnam Citadel-of-Hanoi-01.jpg	1544168	text-search	2011:05:10 11:24:11
37247323	Cccefalon	2011-05-10T11:29:33	taken	105.821353	21.020238		https://commons.wikimedia.org/?curid=37247323	File:Hanoi Vietnam Waiting-at-the-red-lights-01.jpg	1544168	text-search	2011:05:10 11:29:33
37247051	Cccefalon	2011-05-10T11:34:07	taken	105.834641	21.036747		https://commons.wikimedia.org/?curid=37247051	File:Hanoi Vietnam Mausoleum-of-Ho-Chi-Minh-01.jpg	1544168	category-tree	2011:05:10 11:34:07
37247783	Cccefalon	2011-05-10T11:42:01	taken	105.821353	21.020238		https://commons.wikimedia.org/?curid=37247783	File:Hanoi Vietnam Waiting-at-the-red-lights-02.jpg	1544168	text-search	2011:05:10 11:42:01
40536131	Cccefalon	2011-05-11T08:32:22	taken	105.821353	21.020238		https://commons.wikimedia.org/?curid=40536131	File:Hanoi Vietnam Street-vendors-in-Hanoi-02.jpg	1544168	text-search	2011:05:11 08:32:22
40535830	Cccefalon	2011-05-11T08:34:41	taken	105.821353	21.020238		https://commons.wikimedia.org/?curid=40535830	File:Hanoi Vietnam Street-vendors-in-Hanoi-01.jpg	1544168	text-search	2011:05:11 08:34:41
40536676	Cccefalon	2011-05-11T08:38:44	taken	105.821353	21.020238		https://commons.wikimedia.org/?curid=40536676	File:Hanoi Vietnam Shops-in-Hanoi-02.jpg	1544168	category-tree	2011:05:11 08:38:44
40536276	Cccefalon	2011-05-11T08:41:27	taken	105.821353	21.020238		https://commons.wikimedia.org/?curid=40536276	File:Hanoi Vietnam Street-vendors-in-Hanoi-04.jpg	1544168	text-search	2011:05:11 08:41:27
37247805	Cccefalon	2011-05-11T08:48:15	taken	105.821353	21.020238		https://commons.wikimedia.org/?curid=37247805	File:Hanoi Vietnam Coal-Briquettes Distributor-01.jpg	1544168	text-search	2011:05:11 08:48:15
40536422	Cccefalon	2011-05-11T08:53:50	taken	105.821353	21.020238		https://commons.wikimedia.org/?curid=40536422	File:Hanoi Vietnam Transport-in-Hanoi-01.jpg	1544168	category-tree	2011:05:11 08:53:50
40536448	Cccefalon	2011-05-11T08:55:48	taken	105.821353	21.020238		https://commons.wikimedia.org/?curid=40536448	File:Hanoi Vietnam Transport-in-Hanoi-02.jpg	1544168	category-tree	2011:05:11 08:55:48
40536585	Cccefalon	2011-05-11T08:57:59	taken	105.821353	21.020238		https://commons.wikimedia.org/?curid=40536585	File:Hanoi Vietnam Transport-in-Hanoi-03.jpg	1544168	category-tree	2011:05:11 08:57:59
40536628	Cccefalon	2011-05-11T09:19:43	taken	105.821353	21.020238		https://commons.wikimedia.org/?curid=40536628	File:Hanoi Vietnam Shops-in-Hanoi-01.jpg	1544168	category-tree	2011:05:11 09:19:43
49382729	Cccefalon	2011-05-11T09:40:49	taken	105.851268	21.031569		https://commons.wikimedia.org/?curid=49382729	File:Hanoi Vietnam Houses-in-Hoàn-Kiếm-District-01.jpg	1544168	category-tree	2011:05:11 09:40:49
7636391	Fong210	2009-08-08	taken	105.856143	21.023744		https://commons.wikimedia.org/?curid=7636391	File:1 copy resize.jpg	807590	category-tree	2009-08-08
89175100	Hakutora	2018-03-09T09:23:55	taken	105.783089	21.037240		https://commons.wikimedia.org/?curid=89175100	File:Tuong gs Dang Thai Mai.jpg	4943107	category-tree	2018:03:09 09:23:55
135952127	Nguyenmy2302	2023-08-12	taken	105.851913	21.020846		https://commons.wikimedia.org/?curid=135952127	File:Biệt thự 49 Trần Hưng Đạo, Hà Nội.jpg	9748661	category-tree	2023-08-12
2907128	Rungbachduong	2001-11-02	taken	105.839417	21.031667		https://commons.wikimedia.org/?curid=2907128	File:Lenin Park Hanoi.JPG	208886	category-tree	2001-11-02
88564363	The Squirrel Conspiracy	2007-12-04	taken	105.834700	21.036700		https://commons.wikimedia.org/?curid=88564363	File:Ho Chi Minh Mausoleum in Hanoi front left.jpg	5239564	category-tree	4 December 2007 (original upload date)
40536194	Cccefalon	2011-05-11T08:38:23	taken	105.821353	21.020238		https://commons.wikimedia.org/?curid=40536194	File:Hanoi Vietnam Street-vendors-in-Hanoi-03.jpg	1544168	text-search (object-location)	2011:05:11 08:38:23
112811349	Nguyễn Trần Minh Long	2007-03-12T17:54:00	taken	105.852300	21.027860		https://commons.wikimedia.org/?curid=112811349	File:Thap Rua.jpg	7669615	text-search (object-location)	2007-03-12 17:54
6341602	VortBot	2007-07-13T02:39:13	taken	105.852300	21.027860		https://commons.wikimedia.org/?curid=6341602	File:Hoan Kiem Lake.jpg	6729803	text-search (object-location)	2007-07-13 02:39:13
10732643	Flickr upload bot	2009-12-02T00:49:47	taken	105.852300	21.027860		https://commons.wikimedia.org/?curid=10732643	File:Hoan Kiem Lake, Hanoi, Vietnam.jpg	152505	text-search (object-location)	2009:12:02 00:49:47
5627409	Paris 16	2007-03-12T17:54:49	taken	105.852300	21.027860		https://commons.wikimedia.org/?curid=5627409	File:Tháp Rùa 4.jpg	269373	text-search (object-location)	2007:03:12 17:54:49
3189924	Nguyễn Thanh Quang	2007-03-12T17:54:49	taken	105.852300	21.027860		https://commons.wikimedia.org/?curid=3189924	File:Tháp Rùa 2.jpg	4539	text-search (object-location)	2007:03:12 17:54:49
3848535	Rungbachduong	2007-08-28T12:03:52	taken	105.852300	21.027860		https://commons.wikimedia.org/?curid=3848535	File:Thap rua.jpg	208886	text-search (object-location)	2007:08:28 12:03:52
2994954	Nguyễn Thanh Quang	2007-10-16T13:17:00	taken	105.852300	21.027860		https://commons.wikimedia.org/?curid=2994954	File:Tháp Rùa.jpg	4539	text-search (object-location)	2007-10-16 13:17
10732633	Flickr upload bot	2009-01-05T13:07:18	taken	105.852300	21.027860		https://commons.wikimedia.org/?curid=10732633	File:Tháp Rùa 8.jpg	152505	text-search (object-location)	2009:01:05 13:07:18
14638059	File Upload Bot (Magnus Manske)	2009-09-26T08:55:54	taken	105.905556	21.008333		https://commons.wikimedia.org/?curid=14638059	File:ThoKhoi Dinh.JPG	40038	text-search (object-location)	2009:09:26 08:55:54
