id	user	date	date_kind	lon	lat	accuracy	url	title	user_id	had_coord_entry
7636391	Fong210	2009-08-08	taken	105.856143	21.023744		https://commons.wikimedia.org/?curid=7636391	File:1 copy resize.jpg	807590	no
14638091	File Upload Bot (Magnus Manske)	2009:09:26 08:54:51	taken	105.905556	21.008333		https://commons.wikimedia.org/?curid=14638091	File:ThoKhoi TamQuan.JPG	40038	no
135952127	Nguyenmy2302	2023-08-12	taken	105.851913	21.020846		https://commons.wikimedia.org/?curid=135952127	File:Biệt thự 49 Trần Hưng Đạo, Hà Nội.jpg	9748661	no
40536422	Cccefalon	2011:05:11 08:53:50	taken	105.821353	21.020238		https://commons.wikimedia.org/?curid=40536422	File:Hanoi Vietnam Transport-in-Hanoi-01.jpg	1544168	no
40536448	Cccefalon	2011:05:11 08:55:48	taken	105.821353	21.020238		https://commons.wikimedia.org/?curid=40536448	File:Hanoi Vietnam Transport-in-Hanoi-02.jpg	1544168	no
40536585	Cccefalon	2011:05:11 08:57:59	taken	105.821353	21.020238		https://commons.wikimedia.org/?curid=40536585	File:Hanoi Vietnam Transport-in-Hanoi-03.jpg	1544168	no
2907128	Rungbachduong	2001-11-02	taken	105.839417	21.031667		https://commons.wikimedia.org/?curid=2907128	File:Lenin Park Hanoi.JPG	208886	no
37247051	Cccefalon	2011:05:10 11:34:07	taken	105.834641	21.036747		https://commons.wikimedia.org/?curid=37247051	File:Hanoi Vietnam Mausoleum-of-Ho-Chi-Minh-01.jpg	1544168	no
37247106	Cccefalon	2011:05:10 09:47:47	taken	105.834641	21.036747		https://commons.wikimedia.org/?curid=37247106	File:Hanoi Vietnam Mausoleum-of-Ho-Chi-Minh-02.jpg	1544168	no
37247271	Cccefalon	2011:05:10 10:50:55	taken	105.821353	21.020238		https://commons.wikimedia.org/?curid=37247271	File:Hanoi Vietnam The-omnipresent-plastic-chairs-01.jpg	1544168	no
37249119	Cccefalon	2011:05:09 10:52:03	taken	105.853365	21.031695		https://commons.wikimedia.org/?curid=37249119	File:Hanoi Vietnam Thang-Long-Water-Puppet-Theatre-01.jpg	1544168	no
37249190	Cccefalon	2011:05:09 11:38:15	taken	105.852388	21.030725		https://commons.wikimedia.org/?curid=37249190	File:Hanoi Vietnam Temple-of-the-Jade-Mountain-01.jpg	1544168	no
40535728	Cccefalon	2011:05:10 10:41:13	taken	105.840260	21.035217		https://commons.wikimedia.org/?curid=40535728	File:Hanoi Vietnam Đoan-môn-01.jpg	1544168	no
40536676	Cccefalon	2011:05:11 08:38:44	taken	105.821353	21.020238		https://commons.wikimedia.org/?curid=40536676	File:Hanoi Vietnam Shops-in-Hanoi-02.jpg	1544168	no
49382729	Cccefalon	2011:05:11 09:40:49	taken	105.851268	21.031569		https://commons.wikimedia.org/?curid=49382729	File:Hanoi Vietnam Houses-in-Hoàn-Kiếm-District-01.jpg	1544168	no
49559249	Cccefalon	2011:05:10 08:46:51	taken	105.832651	21.035591		https://commons.wikimedia.org/?curid=49559249	File:Hanoi Vietnam Ho-Chi-Minh-Museum-01.jpg	1544168	no
49576877	Cccefalon	2011:05:10 08:52:06	taken	105.832651	21.035591		https://commons.wikimedia.org/?curid=49576877	File:Hanoi Vietnam Ho-Chi-Minh-Museum-02.jpg	1544168	no
49577421	Cccefalon	2011:05:10 09:45:25	taken	105.834641	21.036747		https://commons.wikimedia.org/?curid=49577421	File:Hanoi Vietnam Mausoleum-of-Ho-Chi-Minh-03.jpg	1544168	no
49606754	Cccefalon	2011:05:09 11:04:48	taken	105.853365	21.031695		https://commons.wikimedia.org/?curid=49606754	File:Hanoi Vietnam Shrine-at-Hoàn-Kiếm-Lake-01.jpg	1544168	no
88564363	The Squirrel Conspiracy	4 December 2007 (original upload date)	taken	105.834700	21.036700		https://commons.wikimedia.org/?curid=88564363	File:Ho Chi Minh Mausoleum in Hanoi front left.jpg	5239564	no
40536628	Cccefalon	2011:05:11 09:19:43	taken	105.821353	21.020238		https://commons.wikimedia.org/?curid=40536628	File:Hanoi Vietnam Shops-in-Hanoi-01.jpg	1544168	no
89175100	Hakutora	2018:03:09 09:23:55	taken	105.783089	21.037240		https://commons.wikimedia.org/?curid=89175100	File:Tuong gs Dang Thai Mai.jpg	4943107	no
17284720	Benoît Prieur	2003	taken	105.857778	21.024167		https://commons.wikimedia.org/?curid=17284720	File:Hanoi Opera House - 2003.jpg	1321769	no
37247783	Cccefalon	2011-05-10T11:42:01	taken	105.821353	21.020238		https://commons.wikimedia.org/?curid=37247783	File:Hanoi Vietnam Waiting-at-the-red-lights-02.jpg	1544168	no
37247323	Cccefalon	2011-05-10T11:29:33	taken	105.821353	21.020238		https://commons.wikimedia.org/?curid=37247323	File:Hanoi Vietnam Waiting-at-the-red-lights-01.jpg	1544168	no
40536194	Cccefalon	2011-05-11T08:38:23	taken	105.821353	21.020238		https://commons.wikimedia.org/?curid=40536194	File:Hanoi Vietnam Street-vendors-in-Hanoi-03.jpg	1544168	no
57880506	Panoramio upload bot	2014-05-12T10:34:29	taken	106.748900	10.803233		https://commons.wikimedia.org/?curid=57880506	File:Xa Lo Hà nội-An Phú, Quận 2, TPHCM, Việt Nam - panoramio.jpg	4153868	yes
199653416	Newone	2026-02-24T08:41:06	taken	105.844048	21.030075		https://commons.wikimedia.org/?curid=199653416	File:Newone - Hanoi train street with coffee 02.jpg	36891	yes
199653415	Newone	2026-02-24T08:41:21	taken	105.844021	21.030082		https://commons.wikimedia.org/?curid=199653415	File:Newone - Hanoi train street with coffee 01.jpg	36891	yes
54070909	Panoramio upload bot	2011-09-19T13:37:35	taken	103.919318	21.321737		https://commons.wikimedia.org/?curid=54070909	File:KS Hà Nội Sơn La - panoramio.jpg	4153868	yes
113372104	Nguyenhai314	2019-12-31T08:54:41	taken	106.802506	10.866231		https://commons.wikimedia.org/?curid=113372104	File:Xa lộ Hà Nội (49356320453).jpg	8955777	yes
57880391	Panoramio upload bot	2014-05-12T10:30:40	taken	106.757400	10.816203		https://commons.wikimedia.org/?curid=57880391	File:Xa lộ hà nội,Ql 52-Trường Thọ, Thủ Đức, TPHCM, Việt Nam - panoramio.jpg	4153868	yes
105754936	Orizan	2018-12-13T11:44:27	taken	107.017686	20.911989		https://commons.wikimedia.org/?curid=105754936	File:Hanoi Social Club (31356938697).jpg	8118308	yes
145578830	Mxn	2024-02-18T12:44:58	taken	-121.883928	37.339256		https://commons.wikimedia.org/?curid=145578830	File:Thang Long Shopping Center sign, San Jose, California.jpg	97	yes
57497022	Panoramio upload bot	2013-10-26T08:25:45	taken	106.767447	10.837794		https://commons.wikimedia.org/?curid=57497022	File:Xa lộ Hà nội, Phước Long B, q9 hcm - panoramio.jpg	4153868	yes
163608599	OptimusPrimeBot	2024-11-24	taken	105.854312	21.029313		https://commons.wikimedia.org/?curid=163608599	File:Phường Lý Thái Tổ, Hoàn Kiếm District, Hà Nội, 11007, Vietnam (CAPELLA C13 SP GEO HH 20241124015154 20241124015234).tiff	9136843	no
163557981	OptimusPrimeBot	2024-11-24	taken	105.854312	21.029313		https://commons.wikimedia.org/?curid=163557981	File:Phường Lý Thái Tổ, Hoàn Kiếm District, Hà Nội, 11007, Vietnam (CAPELLA C13 SP GEO HH 20241124015154 20241124015234).png	9136843	no
112811349	Nguyễn Trần Minh Long	2007-03-12T17:54:00	taken	105.852300	21.027860		https://commons.wikimedia.org/?curid=112811349	File:Thap Rua.jpg	7669615	no
6341602	VortBot	2007-07-13T02:39:13	taken	105.852300	21.027860		https://commons.wikimedia.org/?curid=6341602	File:Hoan Kiem Lake.jpg	6729803	no
62524974	Gijs Bolmeijer	2014-06-21T14:51:28	taken	7.029135	53.135650		https://commons.wikimedia.org/?curid=62524974	File:Vietnamese postkaart van Hoan Kiem.jpg	6791410	yes
10732643	Flickr upload bot	2009-12-02T00:49:47	taken	105.852300	21.027860		https://commons.wikimedia.org/?curid=10732643	File:Hoan Kiem Lake, Hanoi, Vietnam.jpg	152505	no
62526560	Gijs Bolmeijer	2014-02-12T10:41:21	taken	7.028937	53.135531		https://commons.wikimedia.org/?curid=62526560	File:Hoan Kiem postcard with women in ao dai posing in the front.jpg	6791410	yes
5627409	Paris 16	2007-03-12T17:54:49	taken	105.852300	21.027860		https://commons.wikimedia.org/?curid=5627409	File:Tháp Rùa 4.jpg	269373	no
3189924	Nguyễn Thanh Quang	2007-03-12T17:54:49	taken	105.852300	21.027860		https://commons.wikimedia.org/?curid=3189924	File:Tháp Rùa 2.jpg	4539	no
3848535	Rungbachduong	2007-08-28T12:03:52	taken	105.852300	21.027860		https://commons.wikimedia.org/?curid=3848535	File:Thap rua.jpg	208886	no
2994954	Nguyễn Thanh Quang	2007-10-16T13:17:00	taken	105.852300	21.027860		https://commons.wikimedia.org/?curid=2994954	File:Tháp Rùa.jpg	4539	no
10732633	Flickr upload bot	2009-01-05T13:07:18	taken	105.852300	21.027860		https://commons.wikimedia.org/?curid=10732633	File:Tháp Rùa 8.jpg	152505	no
184763887	饮冰室客人	2025-07-06T18:07:38	taken	120.139344	30.239808		https://commons.wikimedia.org/?curid=184763887	File:West Lake, Hangzhou 2025.jpg	13632140	yes
151016666	HoweyYuan	2024-07-29T10:53:52	taken	120.145105	30.234024		https://commons.wikimedia.org/?curid=151016666	File:West Lake 20240729.jpg	12288372	yes
90519050	A	2019-11-02T15:36:03	taken	120.153525	30.244872		https://commons.wikimedia.org/?curid=90519050	File:West Lake Scenic Area 63081-Hangzhou (49155347322).jpg	5919808	yes
90519058	A	2019-11-02T15:57:09	taken	120.154535	30.247732		https://commons.wikimedia.org/?curid=90519058	File:West Lake Scenic Area 63103-Hangzhou (49155134181).jpg	5919808	yes
90519052	A	2019-11-02T12:22:29	taken	120.144013	30.233100		https://commons.wikimedia.org/?curid=90519052	File:West Lake Scenic Area 62860-Hangzhou (49155343047).jpg	5919808	yes
90519049	A	2019-11-02T12:51:45	taken	120.143813	30.232985		https://commons.wikimedia.org/?curid=90519049	File:West Lake Scenic Area 62891-Hangzhou (49155129301).jpg	5919808	yes
90519045	A	2019-11-02T14:40:56	taken	120.139773	30.242018		https://commons.wikimedia.org/?curid=90519045	File:West Lake Scenic Area 63009-Hangzhou (49154634148).jpg	5919808	yes
90519056	A	2019-11-02T15:14:17	taken	120.150590	30.244598		https://commons.wikimedia.org/?curid=90519056	File:West Lake Scenic Area 63047-Hangzhou (49155131966).jpg	5919808	yes
90519055	A	2019-11-02T14:52:59	taken	120.140998	30.241975		https://commons.wikimedia.org/?curid=90519055	File:West Lake Scenic Area 63030-Hangzhou (49154636253).jpg	5919808	yes
90519047	A	2019-11-02T14:57:43	taken	120.141932	30.241752		https://commons.wikimedia.org/?curid=90519047	File:West Lake Scenic Area 63035-Hangzhou (49155345897).jpg	5919808	yes
134444744	Syced	2023-07-12T15:41:25	taken	106.650758	10.749928		https://commons.wikimedia.org/?curid=134444744	File:Binh Tay market 19.jpg	27103	yes
134444731	Syced	2023-07-12T15:41:09	taken	106.650758	10.749928		https://commons.wikimedia.org/?curid=134444731	File:Binh Tay market 18.jpg	27103	yes
134444626	Syced	2023-07-12T15:28:41	taken	106.651261	10.749097		https://commons.wikimedia.org/?curid=134444626	File:Binh Tay market 13.jpg	27103	yes
134444594	Syced	2023-07-12T15:27:53	taken	106.651472	10.749108		https://commons.wikimedia.org/?curid=134444594	File:Binh Tay market 11.jpg	27103	yes
134444616	Syced	2023-07-12T15:28:38	taken	106.651261	10.749097		https://commons.wikimedia.org/?curid=134444616	File:Binh Tay market 12.jpg	27103	yes
134444643	Syced	2023-07-12T15:28:46	taken	106.651261	10.749097		https://commons.wikimedia.org/?curid=134444643	File:Binh Tay market 14.jpg	27103	yes
134444677	Syced	2023-07-12T15:32:13	taken	106.650667	10.749558		https://commons.wikimedia.org/?curid=134444677	File:Binh Tay market 16.jpg	27103	yes
192876268	饮冰室客人	2026-05-15T18:25:00	taken	120.132431	30.248411		https://commons.wikimedia.org/?curid=192876268	File:West Lake Boat.jpg	13632140	yes
134444755	Syced	2023-07-12T15:41:32	taken	106.650758	10.749928		https://commons.wikimedia.org/?curid=134444755	File:Binh Tay market 20.jpg	27103	yes
134444520	Syced	2023-07-12T15:25:37	taken	106.651414	10.749422		https://commons.wikimedia.org/?curid=134444520	File:Binh Tay market 7.jpg	27103	yes
134444398	Syced	2023-07-12T15:23:21	taken	106.651497	10.749444		https://commons.wikimedia.org/?curid=134444398	File:Binh Tay market.jpg	27103	yes
134444655	Syced	2023-07-12T15:31:58	taken	106.651056	10.749239		https://commons.wikimedia.org/?curid=134444655	File:Binh Tay market 15.jpg	27103	yes
134444705	Syced	2023-07-12T15:35:33	taken	106.650606	10.749267		https://commons.wikimedia.org/?curid=134444705	File:Binh Tay market 17.jpg	27103	yes
134444584	Syced	2023-07-12T15:26:52	taken	106.651422	10.749425		https://commons.wikimedia.org/?curid=134444584	File:Binh Tay market 10.jpg	27103	yes
134444416	Syced	2023-07-12T15:23:54	taken	106.651442	10.749419		https://commons.wikimedia.org/?curid=134444416	File:Binh Tay market 2.jpg	27103	yes
82437375	Raezin	2017-10-12T13:23:07	taken	119.282669	26.096478		https://commons.wikimedia.org/?curid=82437375	File:West Lake Fuzhou.jpg	8269371	yes
134444560	Syced	2023-07-12T15:25:41	taken	106.651414	10.749422		https://commons.wikimedia.org/?curid=134444560	File:Binh Tay market 8.jpg	27103	yes
30609437	Fredlyfish4	2014-01-02	taken	-80.851189	25.212447		https://commons.wikimedia.org/?curid=30609437	File:West Lake Everglades.JPG	842412	yes
192876303	饮冰室客人	2025-07-06T16:09:31	taken	120.145417	30.240375		https://commons.wikimedia.org/?curid=192876303	File:West Lake Leifeng Pagoda.jpg	13632140	yes
192876358	饮冰室客人	2025-06-30T19:35:07	taken	120.157350	30.253056		https://commons.wikimedia.org/?curid=192876358	File:West Lake Sunset 2025.jpg	13632140	yes
49466641	Qa003qa003	2015-06-23T16:06:29	taken	120.139610	30.232046		https://commons.wikimedia.org/?curid=49466641	File:West Lake 20150623 160629.jpg	1098480	yes
192876228	饮冰室客人	2026-05-15T19:08:13	taken	120.135528	30.238831		https://commons.wikimedia.org/?curid=192876228	File:West Lake Sunset 2026.jpg	13632140	yes
49466633	Qa003qa003	2015-06-23T14:39:01	taken	120.139748	30.252913		https://commons.wikimedia.org/?curid=49466633	File:West Lake 20150623 143902.jpg	1098480	yes
49466728	Qa003qa003	2015-06-23T16:50:49	taken	120.145556	30.234444		https://commons.wikimedia.org/?curid=49466728	File:West Lake 20150623 165046.jpg	1098480	yes
69750266	Marvin Lou	2015-02-05T11:08:20	taken	120.159072	30.256283		https://commons.wikimedia.org/?curid=69750266	File:Apple West Lake with curtain.jpg	6700585	yes
192876805	饮冰室客人	2026-05-25T15:12:42	taken	120.146728	30.260356		https://commons.wikimedia.org/?curid=192876805	File:West Lake Boat Hangzhou City.jpg	13632140	yes
52231941	Doriath~	2015-03-18T10:43:27	taken	120.131954	30.253814		https://commons.wikimedia.org/?curid=52231941	File:A Boat on West Lake, Hangzhou.jpg	6185746	yes
63334110	Bjoertvedt	2017-07-21T15:32:49	taken	120.138031	30.245847		https://commons.wikimedia.org/?curid=63334110	File:West Lake IMG 8773 panorama.jpg	232584	yes
49466734	Qa003qa003	2015-06-23T17:06:29	taken	120.145012	30.233952		https://commons.wikimedia.org/?curid=49466734	File:West Lake 20150623 170629.jpg	1098480	yes
38003527	Simon Wade	2015-01-18T10:53:53	taken	120.158944	30.256244		https://commons.wikimedia.org/?curid=38003527	File:Hangzhou West Lake Apple Store.jpg	2365214	yes
49466727	Qa003qa003	2015-06-23T16:50:24	taken	120.145081	30.234074		https://commons.wikimedia.org/?curid=49466727	File:West Lake 20150623 165025.jpg	1098480	yes
49466733	Qa003qa003	2015-06-23T17:02:15	taken	120.145035	30.233850		https://commons.wikimedia.org/?curid=49466733	File:West Lake 20150623 170215.jpg	1098480	yes
146943846	Fumikas Sagisavas	2024-03-31T16:20:42	taken	119.970688	31.806364		https://commons.wikimedia.org/?curid=146943846	File:West Lake lotus root starch.jpg	10554060	yes
148275530	CanonNi	2024-04-23T18:42:59	taken	120.156906	30.255561		https://commons.wikimedia.org/?curid=148275530	File:West Lake April 2024.jpg	11406570	yes
30609454	Fredlyfish4	2014-01-02T12:32:42	taken	-80.851564	25.212286		https://commons.wikimedia.org/?curid=30609454	File:West Lake boardwalk.JPG	842412	yes
142863451	Red panda bot	2013-05-11T16:20:59	taken	120.147483	30.246733		https://commons.wikimedia.org/?curid=142863451	File:West Lake, Xihu, Hangzhou, Zhejiang, China - Flickr - Stuart Smith..jpg	8928424	yes
93382579	Globetrotter19	2020-07	taken	18.560089	47.749407		https://commons.wikimedia.org/?curid=93382579	File:Footbridge over the canal between West Lake and East Lake, 2020 Nyergesújfalu.jpg	2611857	yes
63334151	Bjoertvedt	2017-07-21T15:25:19	taken	120.146133	30.255231		https://commons.wikimedia.org/?curid=63334151	File:West Lake IMG 8751 boat.jpg	232584	yes
134444075	Syced	2023-07-12T15:19:54	taken	106.652167	10.750333		https://commons.wikimedia.org/?curid=134444075	File:Bus 150 in front of Binh Tay market.jpg	27103	yes
63334106	Bjoertvedt	2017-07-21T15:22:34	taken	120.149672	30.258214		https://commons.wikimedia.org/?curid=63334106	File:West Lake IMG 8746 lakeside park.jpg	232584	yes
93642997	David290	2019-11-17T16:11:03	taken	120.136745	30.236508		https://commons.wikimedia.org/?curid=93642997	File:West Lake DJI 0603 (2).jpg	752781	yes
52333635	Fredlyfish4	2016-09-27T13:10:00	taken	120.138039	30.234489		https://commons.wikimedia.org/?curid=52333635	File:West Lake Hangzhou 2016 3.jpg	842412	yes
14638059	File Upload Bot (Magnus Manske)	2009-09-26T08:55:54	taken	105.905556	21.008333		https://commons.wikimedia.org/?curid=14638059	File:ThoKhoi Dinh.JPG	40038	no
57961765	Panoramio upload bot	2014-06-22T14:08:43	taken	106.948089	10.788369		https://commons.wikimedia.org/?curid=57961765	File:Tt. Long Thành, tp. Biên Hòa, Đồng Nai, Vietnam - panoramio (40).jpg	4153868	yes
56262993	Panoramio upload bot	2013-03-09T11:22:57	taken	105.001000	10.602667		https://commons.wikimedia.org/?curid=56262993	File:Thới sơn tịnh Biên angiang, vietnam - panoramio.jpg	4153868	yes
56262524	Panoramio upload bot	2013-03-09T15:50:53	taken	105.040500	10.474167		https://commons.wikimedia.org/?curid=56262524	File:An Hảo, tinh biên, angiang, vietnam - panoramio.jpg	4153868	yes
56262491	Panoramio upload bot	2013-03-09T11:45:09	taken	105.017500	10.465500		https://commons.wikimedia.org/?curid=56262491	File:Cánh đồng An Hảo, Tịnh biên, angiang - panoramio.jpg	4153868	yes
56262488	Panoramio upload bot	2013-03-09T11:45:01	taken	105.017833	10.466000		https://commons.wikimedia.org/?curid=56262488	File:Cánh đồng an hảo, Tịnh biên , An giang, vietnam - panoramio.jpg	4153868	yes
56262976	Panoramio upload bot	2013-03-09T11:33:38	taken	105.028000	10.528167		https://commons.wikimedia.org/?curid=56262976	File:Ấp Voi 2, TT Chi Lăng, Tinh Biên, angiang, Vietnam - panoramio.jpg	4153868	yes
28842137	Ralf Roletschek	2013-09-29T13:35:09	taken	8.610538	53.907822		https://commons.wikimedia.org/?curid=28842137	File:13-09-29-nordfriesisches-wattenmeer-RalfR-15.jpg	303380	yes
57640660	Panoramio upload bot	2014-04-06T09:58:55	taken	107.071617	10.339197		https://commons.wikimedia.org/?curid=57640660	File:Ha Long, bien Vung tau - panoramio.jpg	4153868	yes
125294804	XRay	2022-10-29T17:59:20	taken	3.483797	51.499295		https://commons.wikimedia.org/?curid=125294804	File:Zoutelande (NL), Strand, Blick auf die Nordsee -- 2022 -- 4984.jpg	2255112	yes
150061968	SteinsplitterBot	2024-05-29T09:10:19	taken	23.579112	40.000905		https://commons.wikimedia.org/?curid=150061968	File:Chaniotis beach.jpg	3714013	yes
34841661	Uoaei1	2014-08-12T10:31:18	taken	24.472037	35.152675		https://commons.wikimedia.org/?curid=34841661	File:Preveli Palm Beach Panorama 02.JPG	1563271	yes
84344084	XRay	2019-10-11T11:05:05	taken	142.858733	-38.601513		https://commons.wikimedia.org/?curid=84344084	File:Peterborough (AU), Port Campbell National Park, Worm Bay -- 2019 -- 0863.jpg	2255112	yes
84344099	XRay	2019-10-11T15:19:15	taken	143.103892	-38.664167		https://commons.wikimedia.org/?curid=84344099	File:Princetown (AU), Port Campbell National Park, Twelve Apostles -- 2019 -- 0930.jpg	2255112	yes
89640439	A.Savin	2020-01-21T17:26:38	taken	80.988369	6.093106		https://commons.wikimedia.org/?curid=89640439	File:SL Ussangoda NP asv2020-01 img06.jpg	40232	yes
79805168	Podzemnik	2019-06-19T08:07:46	taken	172.749783	-43.547197		https://commons.wikimedia.org/?curid=79805168	File:The sun and the moon in South New Brighton's beach, New Zealand.jpg	167462	no
73632228	XRay	2018-10-04T13:49:42	taken	19.925160	39.626095		https://commons.wikimedia.org/?curid=73632228	File:Korfu (GR), Korfu, Altstadt -- 2018 -- 1156.jpg	2255112	yes
41142666	Code	2015-06-13T05:10:26	taken	13.379167	54.620833		https://commons.wikimedia.org/?curid=41142666	File:Strandkorb bei Sonnenaufgang.jpg	42608	yes
29775601	XRay	2009-07-09T12:32:52	taken	13.699845	54.383180		https://commons.wikimedia.org/?curid=29775601	File:Rügen, Beach at Sellin -- 2009 -- 1173.jpg	2255112	yes
91711973	PetarM	2014-09-23T14:18:43	taken	33.507691	44.503160		https://commons.wikimedia.org/?curid=91711973	File:Beach of Cape Fiolent, Crimea.jpg	198450	yes
67355516	Donald Trung	2018-03-15T05:43:42	taken	7.029311	53.135588		https://commons.wikimedia.org/?curid=67355516	File:Hồ Sơ - Temple of Literature document folder 02.jpg	6592656	yes
67355517	Donald Trung	2018-03-15T05:44:47	taken	7.029311	53.135588		https://commons.wikimedia.org/?curid=67355517	File:Hồ Sơ - Temple of Literature document folder 01.jpg	6592656	yes
101931614	ASHillocks	2021-03-20T10:10:52	taken	113.682007	34.748962		https://commons.wikimedia.org/?curid=101931614	File:Zhengzhou Wenmiao.jpg	6010518	yes
31535070	Zhangzhugang	2013-08-24T13:20:40	taken	111.869723	36.895432		https://commons.wikimedia.org/?curid=31535070	File:Lingshi Jingsheng Wenmiao 2013.08.24 13-20-40.jpg	213305	yes
3584240	Durova	1943-04-19	taken	20.995833	52.246111		https://commons.wikimedia.org/?curid=3584240	File:Stroop Report - Warsaw Ghetto Uprising 06b.jpg	77821	no
44047469	Ermell	2015-05-22T11:43:01	taken	117.183175	39.141183		https://commons.wikimedia.org/?curid=44047469	File:China Tianjin 5227585.jpg	478420	yes
29585887	Cccefalon	2010-01-02T14:10:37	taken	9.051679	48.518998		https://commons.wikimedia.org/?curid=29585887	File:Tuebingen Germany Old-quarter-at-River-Neckar-01.jpg	1544168	no
76245934	Infrogmation	2018-01-25T20:11:23	taken	-94.790344	29.305856		https://commons.wikimedia.org/?curid=76245934	File:Old quarter acoustic cafe.jpg	611	yes
158835426	GeographBot	2022-10-16	taken	-2.244090	53.484589		https://commons.wikimedia.org/?curid=158835426	File:Part of Manchester's old quarter - geograph.org.uk - 7313433.jpg	910182	yes
99642803	Dosseman	2010-10-02T13:12:25	taken	35.924027	35.357027		https://commons.wikimedia.org/?curid=99642803	File:Jeble gate to old quarter 0946.jpg	1957737	yes
108765115	Donald Trung	2021-08-14T16:58:50	taken	4.889842	52.370377		https://commons.wikimedia.org/?curid=108765115	File:Hanoi Old Quarter, Amsterdam (2021) 02.jpg	6592656	yes
108765131	Donald Trung	2021-08-14T16:59:09	taken	4.889762	52.370293		https://commons.wikimedia.org/?curid=108765131	File:Hanoi Old Quarter, Amsterdam (2021) 04.jpg	6592656	yes
108765121	Donald Trung	2021-08-14T16:58:46	taken	4.889842	52.370377		https://commons.wikimedia.org/?curid=108765121	File:Hanoi Old Quarter, Amsterdam (2021) 01.jpg	6592656	yes
108765118	Donald Trung	2021-08-14T16:59:04	taken	4.889762	52.370293		https://commons.wikimedia.org/?curid=108765118	File:Hanoi Old Quarter, Amsterdam (2021) 03.jpg	6592656	yes
9153016	GeographBot	2005-10-08T13:18:29	taken	-1.092000	53.193500		https://commons.wikimedia.org/?curid=9153016	File:Clipstone Old Quarter - geograph.org.uk - 62424.jpg	910182	yes
76089515	MichalPL	2019-01-24T15:32:35	taken	19.026389	50.253889		https://commons.wikimedia.org/?curid=76089515	File:Jagiellońska 36 Street building in Katowice, Jan 2019.jpg	6800100	yes
154736306	GeographBot	2021-08-10	taken	-0.262396	52.410172		https://commons.wikimedia.org/?curid=154736306	File:Looking towards the Old Quarter - geograph.org.uk - 6929428.jpg	910182	yes
159064658	GeographBot	2022-10-11T11:57:32	taken	-2.589293	51.454049		https://commons.wikimedia.org/?curid=159064658	File:Fire plug in the old quarter - geograph.org.uk - 7336497.jpg	910182	yes
13394574	GeographBot	2008-03-18	taken	-1.097300	53.190410		https://commons.wikimedia.org/?curid=13394574	File:Sherwood Forest - Clipstone Old Quarter - geograph.org.uk - 729868.jpg	910182	yes
13394577	GeographBot	2008-03-18	taken	-1.103200	53.192610		https://commons.wikimedia.org/?curid=13394577	File:Sherwood Forest - Clipstone Old Quarter - geograph.org.uk - 729906.jpg	910182	yes
13394575	GeographBot	2008-03-18	taken	-1.093100	53.193620		https://commons.wikimedia.org/?curid=13394575	File:Sherwood Forest - Clipstone Old Quarter - geograph.org.uk - 729881.jpg	910182	yes
13394576	GeographBot	2008-03-18	taken	-1.093000	53.191460		https://commons.wikimedia.org/?curid=13394576	File:Sherwood Forest - Clipstone Old Quarter - geograph.org.uk - 729892.jpg	910182	yes
178065662	Argo Navis	2025-11-08T11:12:26	taken	16.251256	43.517654		https://commons.wikimedia.org/?curid=178065662	File:Romanic house at Gradska 36 street in Trogir 20251108 12.jpg	34694	yes
13531521	GeographBot	2008-06-14	taken	-3.990500	55.734850		https://commons.wikimedia.org/?curid=13531521	File:Steps off the old Quarter Rd - geograph.org.uk - 844629.jpg	910182	yes
178065663	Argo Navis	2025-11-08T11:13:22	taken	16.251075	43.517455		https://commons.wikimedia.org/?curid=178065663	File:Romanic house at Gradska 36 street in Trogir 20251108 13.jpg	34694	yes
123908005	GeographBot	2014-03-17	taken	-1.101513	53.190850		https://commons.wikimedia.org/?curid=123908005	File:Field towards Clipstone Old Quarter (wood) - geograph.org.uk - 3892738.jpg	910182	yes
117484967	GeographBot	2013-05-07	taken	-1.096885	53.190272		https://commons.wikimedia.org/?curid=117484967	File:Cycle route 6 at Clipstone Old Quarter - geograph.org.uk - 3452001.jpg	910182	yes
141668522	GeographBot	2018-07-22T11:57:55	taken	-1.098226	53.190552		https://commons.wikimedia.org/?curid=141668522	File:The Robin Hood Way at Clipstone Old Quarter - geograph.org.uk - 5857533.jpg	910182	yes
117891449	GeographBot	2013-05-19T13:08:32	taken	-1.093977	53.193308		https://commons.wikimedia.org/?curid=117891449	File:Track through Clipstone Old Quarter (Sherwood Forest Country Park) - geograph.org.uk - 3515269.jpg	910182	yes
119531074	Famartin	2022-06-20T15:43:36	taken	-74.769456	40.237886		https://commons.wikimedia.org/?curid=119531074	File:2022-06-20 15 43 36 Street sign at the intersection of Mercer County Route 627 (Prospect Street) and Brookside Avenue in Ewing Township, Mercer County, New Jersey.jpg	822939	yes
85846951	Joe Fade2	2020-01-03T17:00:40	taken	-74.004007	40.654695		https://commons.wikimedia.org/?curid=85846951	File:R46 N train at 36 Street.jpg	8677002	yes
18568126	Jim.henderson	2012-02-09T17:06:25	taken	-73.986984	40.751026		https://commons.wikimedia.org/?curid=18568126	File:980 Sixth Av 36 Street dusk jeh.jpg	283452	yes
85846698	Joe Fade2	2020-01-03T16:59:22	taken	-74.003815	40.655107		https://commons.wikimedia.org/?curid=85846698	File:R46 R train at 36 Streer.jpg	8677002	yes
176815367	Ginnymak	2025-10-16T09:57:30	taken	-75.193703	39.959444		https://commons.wikimedia.org/?curid=176815367	File:Powelton N 36 St Houses.jpg	1740920	yes
176815369	Ginnymak	2025-10-16T10:00:15	taken	-75.193953	39.960594		https://commons.wikimedia.org/?curid=176815369	File:Powelton N 36 St Apartment.jpg	1740920	yes
127279483	Argo Navis	2023-01-01T13:58:19	taken	16.251366	43.517041		https://commons.wikimedia.org/?curid=127279483	File:Romanic house in Trogir 20230101.jpg	34694	yes
133219139	Юрий Д.К.	2014-12-16T17:12:37	taken	7.010720	43.551338		https://commons.wikimedia.org/?curid=133219139	File:Le Suquet (Old Town) (50518079188).jpg	10032528	yes
133614196	Arabsalam	2023-05-22T08:57:36	taken	-79.004586	-2.901703		https://commons.wikimedia.org/?curid=133614196	File:Old Town Cuenca Ecuador 1517.jpg	1468433	yes
17504910	Athantor	2011-07-17T17:40:58	taken	23.128506	53.109838		https://commons.wikimedia.org/?curid=17504910	File:Podlaskie - Białystok - Białystok - Puławskiego 36 - Cerkiew - v-E.JPG	338603	yes
17504909	Athantor	2011-07-17T17:40:33	taken	23.128505	53.109837		https://commons.wikimedia.org/?curid=17504909	File:Podlaskie - Białystok - Białystok - Puławskiego 36 - Cerkiew - Dzwonnica - v-E.JPG	338603	yes
17504908	Athantor	2011-07-17T17:40:17	taken	23.128506	53.109837		https://commons.wikimedia.org/?curid=17504908	File:Podlaskie - Białystok - Białystok - Puławskiego 36 - Cerkiew - Kopuła - v-E.JPG	338603	yes
110677604	Hongtrakemsua7	2019-09-08T07:35:33	taken	106.671667	10.814722		https://commons.wikimedia.org/?curid=110677604	File:Thịt heo quay cúng.jpg	10668107	yes
