user	date	date_kind	lon	lat
bemaps2_hn	2015-12-31T23:58:57	taken	105.984041	20.940265
bemaps2_hn	2016-01-01T01:11:30	taken	105.988037	20.960709
bemaps2_hn	2023-12-31T11:35:27	taken	105.727329	21.072233
bemaps2_hn	2023-12-31T12:24:02	taken	105.728205	21.057594
bemaps2_hn	2024-10-15T00:19:54	taken	106.604585	10.719108
bemaps2_hn	2025-01-15T02:05:44	taken	106.649528	10.915032
hn_right_1	2025-10-05T11:30:11	taken	105.860966	20.908300
hn_right_1	2025-10-05T12:41:01	taken	105.849826	20.926330
hn_right_2	2025-09-24T09:59:09	taken	105.927317	20.690061
hn_right_2	2025-09-24T10:12:56	taken	105.950140	20.500130
hn_right_2	2025-09-24T10:12:57	taken	105.950204	20.499854
hn_right_2	2025-09-24T10:27:10	taken	106.000264	20.316867
hn_right_2	2025-09-24T10:37:03	taken	105.999939	20.222801
hn_right_2	2025-09-24T11:19:11	taken	106.046573	20.029374
kaart_1	2016-01-01T01:17:51	taken	106.917815	-6.229580
kaart_1	2019-03-06T17:23:14	taken	35.958764	31.991821
kaart_1	2019-03-06T17:40:42	taken	35.976996	31.996004
kaart_1	2020-02-23T22:29:01	taken	-60.033032	-3.009255
kaart_1	2020-02-23T22:35:08	taken	-60.025619	-3.046191
kaart_1	2020-06-18T00:56:55	taken	-103.347870	20.700308
kaart_1	2020-06-18T01:04:46	taken	-103.368399	20.699826
kaart_1	2020-09-22T21:38:42	taken	-100.454369	20.574450
kaart_1	2020-09-22T21:44:19	taken	-100.409260	20.583794
kaart_1	2020-11-13T19:32:47	taken	-38.646613	-3.757724
kaart_1	2020-11-13T19:38:25	taken	-38.647472	-3.758445
kaart_1	2021-03-19T20:29:07	taken	-44.295797	-2.526297
kaart_1	2021-03-19T20:34:44	taken	-44.275458	-2.500432
kaart_1	2021-05-24T20:26:49	taken	-42.944439	-22.956601
kaart_1	2021-05-24T20:32:36	taken	-42.930931	-22.966986
kaart_1	2022-06-26T10:19:43	taken	107.062968	-6.263848
kaart_1	2022-06-26T10:44:58	taken	107.004229	-6.241905
kaart_1	2022-09-28T09:08:53	taken	105.212309	-5.398526
kaart_1	2022-09-28T09:27:21	taken	105.255863	-5.436118
kaart_1	2023-09-30T12:03:07	taken	106.782105	-6.263348
kaart_1	2023-11-14T06:25:30	taken	-89.195240	13.787796
kaart_1	2023-11-14T06:50:10	taken	-89.197027	13.787161
kaart_1	2024-02-29T20:56:16	taken	-87.964583	15.529731
kaart_1	2024-02-29T21:10:57	taken	-87.985419	15.499985
kaart_1	2024-02-29T21:12:02	taken	-87.988926	15.499937
kaart_1	2024-02-29T21:16:03	taken	-88.000026	15.514314
kaart_1	2024-02-29T21:19:54	taken	-88.000051	15.539256
kaart_1	2024-02-29T21:20:37	taken	-87.998161	15.545043
kaart_1	2024-05-15T13:01:11	taken	121.070278	14.734260
kaart_1	2024-05-15T14:09:07	taken	121.065116	14.706491
kaart_1	2024-08-30T14:46:48	taken	-58.379400	-34.735750
kaart_1	2024-08-30T14:46:48	taken	-58.604690	-34.587721
kaart_1	2024-08-30T14:56:35	taken	-58.347976	-34.741133
kaart_1	2024-08-30T14:57:32	taken	-58.583682	-34.562660
kaart_1	2024-11-22T20:54:40	taken	-70.647154	-33.432931
kaart_1	2024-11-22T21:04:46	taken	-70.623354	-33.426815
kaart_1	2024-12-16T16:15:37	taken	-117.173290	32.729298
kaart_1	2024-12-16T19:59:04	taken	-117.159340	32.721067
kaart_1	2025-10-14T05:54:31	taken	125.803527	7.448449
kaart_1	2025-10-14T07:32:49	taken	125.796209	7.429430
kaartcam	2015-12-31T21:41:30	taken	-61.828139	17.124351
kaartcam	2015-12-31T21:58:47	taken	-61.792118	17.140741
kaartcam	2016-03-31T16:36:38	taken	-72.257558	21.777188
kaartcam	2016-03-31T20:19:43	taken	-72.177906	21.795404
kaartcam	2016-06-16T15:04:23	taken	-79.889210	-2.118772
kaartcam	2016-06-16T15:16:13	taken	-79.891192	-2.163305
kaartcam	2016-09-22T19:51:50	taken	-70.714480	-33.588050
kaartcam	2016-09-22T19:51:50	taken	-70.792218	-33.402370
kaartcam	2016-09-22T20:00:58	taken	-70.742656	-33.500053
kaartcam	2016-09-22T20:01:55	taken	-70.750681	-33.487915
kaartcam	2016-11-20T18:28:56	taken	-54.971101	-34.902445
kaartcam	2016-11-20T18:38:21	taken	-54.999868	-34.906591
kaartcam	2016-11-20T18:38:22	taken	-55.000026	-34.906572
kaartcam	2016-11-20T18:40:22	taken	-55.010171	-34.908787
kaartcam	2017-03-22T14:30:24	taken	51.610786	25.182568
kaartcam	2017-03-22T14:55:50	taken	51.597419	25.173337
kaartcam	2017-06-30T14:13:42	taken	45.190969	-12.843754
kaartcam	2017-06-30T14:30:41	taken	45.210390	-12.889959
kaartcam	2017-09-26T01:46:54	taken	-74.152679	4.619774
kaartcam	2017-09-30T04:43:00	taken	-74.033873	4.691182
kaartcam	2017-11-20T22:26:50	taken	-71.552463	-33.024823
kaartcam	2017-11-20T22:45:26	taken	-71.561707	-33.023711
kaartcam	2018-03-17T19:04:18	taken	-64.290433	-31.340507
kaartcam	2018-03-17T20:28:15	taken	-64.245272	-31.359411
kaartcam	2018-06-30T15:42:51	taken	27.925552	-26.185536
kaartcam	2018-06-30T15:50:10	taken	27.923582	-26.191723
kaartcam	2018-08-09T11:21:47	taken	18.822305	-34.303224
kaartcam	2018-08-09T11:33:06	taken	18.892508	-34.371261
kaartcam	2018-08-10T11:14:55	taken	19.139007	-33.289083
kaartcam	2018-08-10T11:36:57	taken	19.298529	-33.375160
kaartcam	2018-10-28T08:44:49	taken	23.826125	38.057212
kaartcam	2018-11-03T23:43:25	taken	23.766449	37.990993
kaartcam	2018-11-10T02:26:54	taken	23.766449	37.990993
kaartcam	2018-12-28T17:03:51	taken	23.812928	38.053677
kaartcam	2019-03-14T17:45:27	taken	108.140530	16.093010
kaartcam	2019-03-14T18:28:38	taken	108.247925	16.052273
kaartcam	2019-06-22T02:25:47	taken	100.923071	13.069711
kaartcam	2019-06-22T02:31:56	taken	100.918070	13.132919
kaartcam	2019-07-24T17:39:21	taken	18.799296	-32.869623
kaartcam	2019-07-24T17:49:42	taken	18.744618	-32.999994
kaartcam	2019-07-24T17:49:43	taken	18.744489	-33.000265
kaartcam	2019-07-24T18:12:44	taken	18.702638	-33.355820
kaartcam	2019-12-31T18:20:54	taken	-69.835437	19.138542
kaartcam	2019-12-31T19:05:38	taken	-69.551232	19.307784
kaartcam	2020-03-03T00:20:29	taken	-100.281190	25.665019
kaartcam	2020-03-03T00:27:39	taken	-100.291179	25.660193
kaartcam	2024-10-07T21:07:03	taken	-77.062992	-12.063800
kaartcam	2024-10-07T21:32:29	taken	-77.035635	-12.095236
kaartcam	2024-12-16T16:15:37	taken	-117.173290	32.729298
kaartcam	2024-12-17T06:48:54	taken	-117.170711	32.719389
theonenetwork	2018-01-01T14:03:18	taken	106.894012	11.516296
theonenetwork	2018-01-01T14:07:47	taken	106.890946	11.534449
theonenetwork	2018-01-01T16:11:49	taken	106.852290	10.944793
theonenetwork	2018-01-01T16:28:52	taken	106.825510	10.956160
theonenetwork	2024-09-21T02:38:50	taken	105.330585	21.394100
theonenetwork	2024-09-21T02:44:57	taken	105.398616	21.366877
kaart_3	2019-06-28T09:48:16	taken	99.010571	18.751512
kaart_3	2019-06-28T10:41:19	taken	99.011197	18.754528
kaart_3	2019-08-26T15:49:55	taken	19.520394	41.268659
kaart_3	2019-08-26T16:12:45	taken	19.508499	41.292164
kaart_3	2019-12-27T17:24:37	taken	-107.854479	38.473343
kaart_3	2019-12-27T17:38:36	taken	-107.858450	38.468901
kaart_3	2020-02-25T01:53:48	taken	-116.968100	32.257272
kaart_3	2020-02-25T02:02:52	taken	-116.888677	32.139826
kaart_3	2020-06-26T22:52:27	taken	-103.257408	20.526848
kaart_3	2020-06-26T22:58:35	taken	-103.299626	20.543703
kaart_3	2022-03-13T16:51:47	taken	121.091957	14.609276
kaart_3	2022-03-13T17:45:46	taken	120.999907	14.601242
kaart_3	2022-03-13T17:58:24	taken	120.974577	14.578627
kaart_3	2023-02-24T15:33:34	taken	-77.130555	-11.932509
kaart_3	2023-02-24T15:34:32	taken	-77.129480	-11.925259
kaart_3	2023-07-17T18:18:59	taken	-84.168220	9.943688
kaart_3	2023-07-17T18:38:51	taken	-84.140527	9.948878
kaart_3	2023-11-04T22:09:52	taken	-86.206152	12.134247
kaart_3	2023-11-04T22:12:49	taken	-86.207292	12.126988
kaart_3	2023-11-07T14:17:00	taken	-89.238746	13.688794
kaart_3	2023-11-07T14:17:57	taken	-89.239627	13.689863
kaart_3	2024-02-29T22:53:21	taken	-87.993446	15.494815
kaart_3	2024-02-29T23:20:29	taken	-87.999875	15.471445
kaart_3	2024-02-29T23:20:30	taken	-88.000012	15.471445
kaart_3	2024-02-29T23:29:53	taken	-88.036758	15.478030
kaart_3	2024-05-05T10:22:41	taken	121.031270	14.623929
kaart_3	2024-08-30T14:46:48	taken	-58.604578	-34.587661
kaart_3	2024-08-30T14:46:48	taken	-58.379153	-34.735730
kaart_3	2024-08-30T14:56:40	taken	-58.348054	-34.741180
kaart_3	2024-08-30T14:57:33	taken	-58.583882	-34.562636
kaart_3	2024-11-22T19:09:23	taken	-70.595141	-33.500844
kaart_3	2024-11-22T19:09:31	taken	-70.595500	-33.499949
kaart_3	2024-11-22T19:09:34	taken	-70.595851	-33.500026
kaart_3	2024-11-22T19:11:12	taken	-70.599826	-33.493401
kaart_3	2024-12-17T06:46:45	taken	-117.172949	32.724036
kaart_3	2024-12-17T07:00:09	taken	-117.158231	32.703928
kaart_3	2025-10-13T18:56:44	taken	125.798500	7.447384
kaart_3	2025-10-13T20:41:06	taken	125.815934	7.455379
bemaps_1pd	2023-06-16T18:53:38	taken	106.685729	10.751946
bemaps_1pd	2023-11-18T16:56:07	taken	100.551682	13.723113
bemaps_1pd	2023-11-18T17:05:27	taken	100.529061	13.723561
bemaps_1pd	2023-12-16T15:21:21	taken	105.084137	9.994391
bemaps_1pd	2023-12-16T15:22:32	taken	105.081571	10.000000
bemaps_1pd	2023-12-16T15:22:32	taken	105.081559	10.000028
bemaps_1pd	2025-07-04T09:01:09	taken	105.803017	21.214081
bemaps_1pd	2025-07-04T09:37:15	taken	105.791860	21.217112
bemaps_1pd	2025-07-05T11:23:24	taken	105.293970	20.798364
bemaps_1pd	2025-07-05T23:14:52	taken	105.328451	20.806468
bemaps_1pd	2025-07-08T13:31:50	taken	106.691446	11.000749
bemaps_1pd	2025-07-08T13:33:52	taken	106.827936	11.164566
bemaps_1pd	2025-09-14T14:39:10	taken	106.705821	10.770462
bemaps_1pd	2025-10-18T02:19:55	taken	105.081459	10.013387
bemaps_1pd	2025-12-14T02:09:45	taken	106.017226	21.004787
bemaps_1pd	2026-09-13T08:38:58	taken	106.050296	21.069327
bemaps3_sg	2016-01-04T03:25:32	taken	106.645009	11.051276
bemaps3_sg	2023-12-31T10:15:47	taken	106.656069	10.729956
bemaps3_sg	2024-12-30T10:40:56	taken	106.815123	10.736967
bemaps3_sg	2025-05-14T10:03:58	taken	106.662252	11.026685
elsol8888	2025-07-13T02:16:37	taken	106.416014	20.657594
elsol8888	2025-11-07T01:39:18	taken	106.201592	10.991719
elsol8888	2025-11-07T02:05:11	taken	106.202028	10.958767
elsol8888	2025-11-07T02:21:53	taken	106.232169	11.002283
elsol8888	2025-11-07T03:17:49	taken	106.103317	11.075419
elsol8888	2025-11-12T05:13:17	taken	107.783569	12.885806
elsol8888	2026-03-31T16:40:47	taken	105.693436	21.005899
elsol8888	2026-03-31T16:42:19	taken	105.721215	21.011118
phoenixmap_right	2025-05-30T11:16:56	taken	106.653056	10.810910
phoenixmap_right	2025-06-21T03:53:23	taken	106.696960	10.801041
phoenixmap_right	2025-07-05T09:01:47	taken	105.344010	20.819676
phoenixmap_right	2025-07-05T10:46:08	taken	105.314244	20.803636
phoenixmap_right	2025-09-12T01:55:17	taken	107.112794	10.607211
phoenixmap_right	2025-09-12T02:00:21	taken	107.133119	10.591635
phoenixmap_right	2025-10-18T00:47:00	taken	105.084380	10.007786
phoenixmap_right	2025-10-18T02:13:51	taken	105.080960	10.013452
l1ndemann	2017-11-26T12:56:19	taken	105.541370	20.877267
l1ndemann	2017-11-26T13:35:40	taken	105.641154	21.000202
l1ndemann	2017-12-19T08:51:02	taken	29.472376	-23.927955
l1ndemann	2018-07-04T17:27:53	taken	-76.611278	39.286013
l1ndemann	2018-08-04T08:30:09	taken	-79.468265	22.510481
l1ndemann	2018-08-04T08:32:51	taken	-79.457695	22.499863
l1ndemann	2018-08-04T08:43:15	taken	-79.402979	22.499876
l1ndemann	2018-08-04T12:21:50	taken	-79.520538	22.500599
l1ndemann	2018-08-04T12:24:01	taken	-79.500152	22.503490
l1ndemann	2018-08-04T12:26:07	taken	-79.484067	22.504126
l1ndemann	2020-06-13T10:16:14	taken	106.000053	20.642913
l1ndemann	2020-06-13T11:17:51	taken	106.168841	20.500001
l1ndemann	2020-06-13T11:17:51	taken	106.168821	20.499935
l1ndemann	2020-06-13T12:19:45	taken	106.000049	20.275161
l1ndemann	2020-06-13T12:19:45	taken	105.999966	20.275100
l1ndemann	2020-06-13T12:34:14	taken	105.937651	20.216465
l1ndemann	2021-04-19T12:25:52	taken	105.446109	20.950002
l1ndemann	2021-12-11T12:37:39	taken	105.420567	21.042214
l1ndemann	2021-12-11T12:53:33	taken	105.481893	21.000025
l1ndemann	2021-12-11T12:56:46	taken	105.499997	20.990134
l1ndemann	2021-12-11T13:13:06	taken	105.601190	20.999992
l1ndemann	2021-12-11T13:28:13	taken	105.728193	21.010234
l1ndemann	2022-10-23T07:08:32	taken	59.034244	43.789581
l1ndemann	2022-10-23T07:12:48	taken	59.034244	43.789582
l1ndemann	2022-10-24T10:46:19	taken	59.389741	42.401698
l1ndemann	2022-10-24T10:49:57	taken	59.387942	42.402778
l1ndemann	2022-10-25T06:05:39	taken	60.324051	42.026724
l1ndemann	2022-10-25T06:25:32	taken	60.328578	42.026966
l1ndemann	2022-10-27T05:02:44	taken	60.362253	41.378601
l1ndemann	2022-10-27T05:13:28	taken	60.357861	41.379838
cut	2013-02-16T12:20:59	taken	80.651466	16.228770
cut	2013-02-16T12:23:16	taken	80.652835	16.223885
cut	2013-03-22T13:55:00	taken	-77.923785	21.376645
cut	2013-04-25T07:06:35	taken	87.907637	24.784940
cut	2013-04-25T07:07:10	taken	87.902982	24.784600
cut	2013-05-11T09:00:00	taken	106.916143	47.916555
cut	2013-05-11T09:02:11	taken	106.907889	47.916334
cut	2013-05-13T14:40:00	taken	-8.879438	29.548603
cut	2013-05-13T14:43:38	taken	-8.868311	29.541611
cut	2013-06-23T10:58:00	taken	73.832830	15.396254
cut	2013-06-23T11:11:38	taken	73.794501	15.398843
cut	2013-12-05T17:21:01	taken	55.249594	25.180022
cut	2013-12-05T17:26:21	taken	55.285250	25.225723
cut	2013-12-24T18:32:00	taken	-76.252623	20.887674
cut	2014-03-24T19:08:27	taken	24.067950	42.693510
cut	2014-03-24T19:16:13	taken	24.175764	42.710007
cut	2014-06-23T12:33:38	taken	74.400063	31.540898
cut	2014-09-23T10:26:12	taken	74.426536	31.464368
cut	2014-12-22T17:40:59	taken	-76.267844	20.888144
cut	2014-12-25T14:32:00	taken	77.047470	8.375385
cut	2015-02-22T11:32:09	taken	23.298518	42.721022
cut	2015-02-22T11:33:38	taken	23.315682	42.714409
cut	2015-03-01T20:00:00	taken	78.142608	8.809207
cut	2015-03-01T20:04:41	taken	78.155593	8.806105
cut	2015-03-07T08:00:00	taken	78.650289	12.706328
cut	2015-03-07T08:02:58	taken	78.685538	12.732979
cut	2015-06-23T08:18:06	taken	77.071987	8.313974
cut	2015-06-26T10:58:02	taken	-77.915943	21.386532
cut	2015-09-18T14:17:23	taken	72.822792	18.944072
cut	2015-09-18T14:20:04	taken	72.811325	18.955953
cut	2015-09-28T18:53:00	taken	45.342202	2.034533
cut	2015-09-28T19:11:02	taken	45.285051	2.024031
cut	2015-12-09T09:18:36	taken	72.760342	32.686257
cut	2015-12-09T09:26:19	taken	72.773614	32.633413
cut	2016-03-20T12:04:24	taken	58.174296	23.689673
cut	2016-03-20T12:20:21	taken	58.171848	23.690478
cut	2016-03-21T13:07:00	taken	77.636804	32.399020
cut	2016-03-21T13:09:38	taken	77.632299	32.395540
cut	2016-03-31T17:51:59	taken	76.170959	31.085613
cut	2016-03-31T17:55:46	taken	76.173177	31.090415
cut	2016-06-02T07:52:15	taken	26.091976	44.444426
cut	2016-06-12T11:04:39	taken	108.479067	11.952611
cut	2016-06-12T11:25:02	taken	108.498731	11.947591
cut	2016-06-28T17:21:00	taken	88.378621	22.575939
cut	2016-06-28T17:25:20	taken	88.383355	22.582034
cut	2016-08-27T12:33:45	taken	87.901338	22.452263
cut	2016-08-27T12:36:21	taken	87.871257	22.431259
cut	2016-08-31T14:15:01	taken	50.269108	26.210680
cut	2016-08-31T14:19:51	taken	50.318364	26.188706
cut	2016-12-25T08:58:31	taken	108.092790	16.223028
cut	2016-12-25T09:21:39	taken	108.151281	16.193008
cut	2017-11-01T18:12:38	taken	74.317505	31.499995
cut	2017-11-01T18:14:57	taken	74.335062	31.505877
cut	2017-11-08T19:55:37	taken	105.862275	21.144102
cut	2017-11-08T20:42:23	taken	105.868931	21.303627
cut	2017-12-02T14:47:00	taken	72.971152	31.090834
cut	2017-12-02T15:09:53	taken	72.957822	31.061213
cut	2017-12-11T19:41:00	taken	106.696059	21.942632
cut	2017-12-11T20:06:04	taken	106.768689	21.856539
cut	2018-07-03T06:16:23	taken	26.082213	44.344004
huyetnga	2020-09-05T05:52:14	taken	106.176949	20.428198
huyetnga	2020-09-06T03:44:16	taken	106.312492	20.130003
huyetnga	2020-09-26T06:56:51	taken	108.492003	15.945476
huyetnga	2020-09-26T06:58:37	taken	108.494561	15.947697
huyetnga	2020-09-26T08:05:55	taken	108.507244	15.956580
huyetnga	2020-09-29T03:22:59	taken	108.500743	15.974252
huyetnga	2020-11-23T01:50:35	taken	109.232968	13.769114
huyetnga	2020-11-23T12:51:35	taken	109.225528	13.777413
huyetnga	2021-01-01T09:09:07	taken	105.709854	20.922661
huyetnga	2021-02-05T03:51:41	taken	105.719440	20.905191
huyetnga	2021-04-30T02:13:16	taken	105.669183	18.672990
huyetnga	2021-04-30T02:20:22	taken	105.671214	18.673405
huyetnga	2021-10-16T07:07:01	taken	10.423897	44.991776
huyetnga	2021-10-16T13:19:21	taken	10.409130	44.996214
huyetnga	2022-08-29T17:02:22	taken	15.285912	37.851624
huyetnga	2022-08-29T17:02:46	taken	15.285907	37.851582
huyetnga	2022-09-30T10:07:20	taken	8.395372	45.010087
huyetnga	2022-09-30T10:53:38	taken	8.395265	45.009080
huyetnga	2022-11-23T12:10:27	taken	9.251782	45.480136
huyetnga	2024-01-03T10:56:41	taken	9.157600	45.504964
huyetnga	2024-01-03T12:53:58	taken	9.136035	45.504842
huyetnga	2026-07-23T09:38:46	taken	9.227984	45.476286
huyetnga	2026-07-27T07:55:57	taken	7.915432	45.953538
huyetnga	2026-07-27T09:35:47	taken	7.915075	45.948048
sg_front_3	2025-09-29T10:07:32	taken	106.694751	10.765480
sg_front_3	2025-10-09T10:54:42	taken	106.707860	10.763700
sg_front_3	2026-08-08T12:51:14	taken	106.720488	20.849349
sg_front_3	2026-08-09T05:34:10	taken	106.711293	20.847530
diemden360	2021-04-27T09:17:14	taken	105.487688	20.989765
diemden360	2021-04-27T09:17:14	taken	105.487152	20.990047
diemden360	2022-04-16T09:10:38	taken	105.714727	20.249759
diemden360	2022-04-16T10:40:01	taken	105.713834	20.249680
diemden360	2022-04-23T16:30:29	taken	104.013958	9.954694
diemden360	2022-04-23T16:40:05	taken	104.014111	9.954778
diemden360	2023-03-25T08:25:11	taken	105.719647	21.336701
diemden360	2023-03-26T11:42:31	taken	105.716942	21.333085
diemden360	2023-05-13T16:49:09	taken	106.626820	17.492379
diemden360	2023-05-14T16:37:59	taken	106.637282	17.475134
diemden360	2023-08-26T05:23:04	taken	106.992456	20.959814
diemden360	2023-08-26T07:34:07	taken	107.050691	20.954267
diemden360	2023-08-26T09:36:05	taken	107.046922	20.952408
diemden360	2023-09-03T07:23:18	taken	106.700169	20.823347
diemden360	2023-12-31T02:07:05	taken	105.283339	21.454294
diemden360	2023-12-31T04:58:48	taken	105.280962	21.452459
HungTran9x0	2024-07-02T03:22:21	taken	105.728220	21.004685
HungTran9x0	2024-07-22T08:00:03	taken	105.728595	20.924836
HungTran9x0	2024-09-02T06:31:25	taken	105.698712	20.983677
HungTran9x0	2025-07-05T12:18:06	taken	105.725167	21.044640
jqka	2016-11-08T05:42:44	taken	113.696153	31.274043
jqka	2016-11-08T08:48:45	taken	114.303418	30.614652
jqka	2016-11-14T02:47:31	taken	108.943328	34.354405
jqka	2016-11-14T02:51:06	taken	108.946152	34.354405
jqka	2017-07-10T08:20:52	taken	102.455523	38.103027
jqka	2017-07-10T10:45:14	taken	103.011343	37.653796
jqka	2017-07-10T11:00:33	taken	102.996362	37.627502
jqka	2017-07-10T11:38:19	taken	102.901698	37.499992
jqka	2017-07-11T02:28:53	taken	103.112883	35.511029
jqka	2017-07-11T02:48:16	taken	103.083562	35.499985
jqka	2017-09-12T03:00:22	taken	87.528745	43.822907
jqka	2017-09-12T05:30:50	taken	87.687788	43.981751
jqka	2017-11-15T23:02:05	taken	102.933990	35.477270
jqka	2017-11-21T18:02:35	taken	81.299213	43.932906
jqka	2017-11-22T18:37:53	taken	81.362109	43.889305
jqka	2018-02-02T23:56:14	taken	105.858360	25.111341
jqka	2018-02-03T01:29:48	taken	105.834783	25.005923
jqka	2018-02-03T01:35:17	taken	105.820976	24.996399
jqka	2018-02-03T01:50:12	taken	105.776232	24.992852
jqka	2018-05-07T17:36:59	taken	102.454000	38.102996
jqka	2018-05-07T18:00:12	taken	102.537974	38.019843
jqka	2018-05-07T18:16:24	taken	102.578553	38.000076
jqka	2018-05-09T21:51:05	taken	102.933982	35.476983
jqka	2018-06-25T13:30:42	taken	106.920402	47.913361
jqka	2019-04-01T07:41:35	taken	114.345049	30.692727
jqka	2019-05-29T06:10:50	taken	117.195050	39.123791
jqka	2019-06-18T08:54:27	taken	106.785209	47.884425
jqka	2019-06-26T01:50:49	taken	103.087162	35.501862
jqka	2019-06-26T03:29:49	taken	103.044971	35.475787
jqka	2019-11-20T08:58:07	taken	117.198646	39.161359
jqka	2019-11-25T07:13:59	taken	113.650119	31.266868
jqka	2020-01-08T07:34:16	taken	103.352097	37.553174
jqka	2020-01-08T08:30:16	taken	102.901222	37.504525
jqka	2020-01-08T08:43:52	taken	102.899484	37.485026
gispo_1	2016-10-11T16:23:44	taken	25.007037	60.184490
gispo_1	2016-10-11T16:25:06	taken	24.999785	60.186099
gispo_1	2016-10-18T16:11:18	taken	25.007872	60.186225
gispo_1	2016-11-01T13:11:11	taken	24.943476	60.172054
gispo_1	2016-12-29T17:29:00	taken	-3.702471	40.414695
gispo_1	2016-12-31T13:14:30	taken	-3.923985	40.266986
gispo_1	2017-01-08T12:35:24	taken	22.876104	61.780156
gispo_1	2017-01-08T12:56:19	taken	22.874198	61.780420
gispo_1	2017-01-21T13:17:58	taken	24.432143	60.257638
gispo_1	2017-01-21T13:21:53	taken	24.432207	60.259786
alllenwang	2018-12-29T05:15:08	taken	121.437039	24.965004
alllenwang	2018-12-31T05:48:10	taken	121.524906	24.975762
alllenwang	2018-12-31T06:18:35	taken	121.553596	25.023451
alllenwang	2019-06-29T02:43:13	taken	105.819407	21.144109
alllenwang	2019-06-29T02:53:11	taken	105.797541	21.214893
alllenwang	2019-08-04T07:50:14	taken	120.681962	23.955390
alllenwang	2019-08-05T01:15:13	taken	121.462138	25.013694
alllenwang	2020-06-20T10:19:34	taken	121.245907	23.174862
alllenwang	2020-06-20T10:47:09	taken	121.151270	22.999985
alllenwang	2020-06-22T04:43:08	taken	121.540028	25.022094
alllenwang	2021-10-19T09:10:32	taken	120.275627	23.285947
alllenwang	2021-11-07T05:58:05	taken	121.459261	25.142504
alllenwang	2022-05-29T01:53:14	taken	120.210843	22.994934
alllenwang	2022-05-29T02:14:01	taken	120.217292	22.999599
alllenwang	2023-06-19T03:38:36	taken	121.240727	23.165753
alllenwang	2023-07-01T10:14:06	taken	120.440451	24.125512
alllenwang	2023-07-01T10:46:54	taken	120.487171	24.161668
alllenwang	2023-07-10T21:31:47	taken	120.889230	23.487025
alllenwang	2023-07-10T22:30:33	taken	120.890115	23.487395
alllenwang	2023-07-14T07:38:21	taken	120.974446	23.968007
alllenwang	2023-07-29T02:08:21	taken	120.348847	23.559359
alllenwang	2023-07-29T02:24:03	taken	120.344981	23.560151
alllenwang	2023-08-01T10:03:02	taken	120.243595	23.017010
alllenwang	2023-12-10T04:55:26	taken	121.134152	22.751821
alllenwang	2023-12-11T03:49:24	taken	120.958961	22.508040
alllenwang	2023-12-11T05:03:41	taken	120.893904	22.251629
alllenwang	2023-12-11T05:47:35	taken	120.888568	22.269932
alllenwang	2024-08-15T06:20:41	taken	120.675473	22.902347
alllenwang	2024-10-03T10:01:35	taken	-14.606170	65.000043
alllenwang	2024-10-03T10:01:36	taken	-14.606063	64.999833
alllenwang	2024-10-03T10:02:27	taken	-14.614696	64.989631
alllenwang	2025-01-02T01:52:06	taken	121.397486	24.679812
alllenwang	2026-08-22T09:42:26	taken	120.827362	24.347916
alllenwang	2026-08-23T04:35:28	taken	120.678932	24.398186
alllenwang	2026-09-11T07:00:52	taken	121.832991	24.508327
alllenwang	2026-09-11T07:09:13	taken	121.819207	24.470660
alllenwang	2026-09-11T23:50:21	taken	121.601890	23.986512
alllenwang	2026-09-12T08:12:49	taken	121.606197	23.999969
alllenwang	2026-09-12T09:53:29	taken	121.814212	24.471819
hoangvietanh	2016-04-17T08:38:44	taken	105.789650	21.266900
hoangvietanh	2016-04-21T12:35:36	taken	105.342191	19.905281
hoangvietanh	2016-07-21T18:17:36	taken	109.156303	12.079128
hoangvietanh	2016-07-22T07:27:22	taken	109.216715	11.975378
hoangvietanh	2016-07-23T11:40:07	taken	109.184136	11.986911
hoangvietanh	2016-07-25T10:24:53	taken	109.194140	12.249494
hoangvietanh	2016-12-20T09:39:58	taken	105.687222	18.209167
hoangvietanh	2016-12-27T09:21:34	taken	105.751375	10.031080
hoangvietanh	2016-12-27T09:32:55	taken	105.749419	9.995994
hoangvietanh	2016-12-27T16:13:54	taken	105.748333	10.032500
hoangvietanh	2016-12-28T16:55:15	taken	105.157222	9.175556
hoangvietanh	2016-12-30T07:29:33	taken	105.529062	9.809885
hoangvietanh	2017-01-07T11:29:40	taken	105.784695	20.101323
hoangvietanh	2017-01-22T09:27:02	taken	104.019167	10.071944
hoangvietanh	2017-01-25T08:13:40	taken	104.003666	10.159547
hoangvietanh	2017-04-08T12:02:35	taken	106.757778	21.859444
hoangvietanh	2017-04-08T16:35:11	taken	106.714722	21.913333
hoangvietanh	2017-06-06T09:50:49	taken	105.541944	18.322222
hoangvietanh	2017-12-17T15:04:06	taken	105.573333	20.908611
hoangvietanh	2017-12-17T15:28:17	taken	105.576389	20.910556
hoangvietanh	2018-01-18T01:01:59	taken	96.150691	16.804565
hoangvietanh	2018-01-19T11:10:56	taken	96.154126	16.799262
hoangvietanh	2018-01-23T06:08:52	taken	96.113498	19.739384
hoangvietanh	2018-01-23T07:42:05	taken	96.112325	19.720610
hoangvietanh	2018-04-06T06:09:36	taken	108.510508	15.617690
hoangvietanh	2018-04-06T06:11:29	taken	108.500059	15.632271
hoangvietanh	2018-04-06T06:11:31	taken	108.499886	15.632551
hoangvietanh	2018-04-16T03:54:01	taken	109.048298	13.952486
hoangvietanh	2018-04-25T09:41:56	taken	38.737706	9.014095
hoangvietanh	2018-04-25T14:12:46	taken	38.652142	9.026647
hoangvietanh	2018-04-26T15:48:11	taken	37.855820	8.982005
hoangvietanh	2018-04-27T13:11:45	taken	37.629039	8.753408
hoangvietanh	2018-07-29T03:30:40	taken	107.084015	10.339585
hoangvietanh	2018-07-29T04:46:26	taken	107.082529	10.444034
hoangvietanh	2018-08-10T23:58:39	taken	109.195717	13.789305
hoangvietanh	2018-08-21T06:08:01	taken	108.470310	15.573575
hoangvietanh	2018-09-14T10:37:45	taken	105.198408	20.768128
hoangvietanh	2018-09-15T10:23:06	taken	105.184083	20.558570
hoangvietanh	2023-12-29T23:31:51	taken	108.984542	11.573381
hoangvietanh	2023-12-30T00:10:01	taken	108.988253	11.575707
hoangvietanh	2024-09-11T01:08:02	taken	106.140246	20.361766
hoangvietanh	2024-09-11T04:57:31	taken	106.166582	20.429419
hoangvietanh	2024-09-18T01:32:47	taken	104.981667	9.387654
hoangvietanh	2024-09-19T08:09:15	taken	104.817196	9.086529
hoangvietanh	2024-09-21T01:29:56	taken	105.151444	9.066387
hoangvietanh	2024-09-21T02:21:46	taken	105.309744	8.975457
hoangvietanh	2024-09-21T02:33:51	taken	105.325833	8.956490
hoangvietanh	2024-12-16T02:33:05	taken	105.813983	21.576399
hoangvietanh	2024-12-16T03:31:04	taken	105.799511	21.907143
hoangvietanh	2025-03-13T09:00:02	taken	104.942059	21.774494
hoangvietanh	2025-03-13T09:36:37	taken	104.943915	21.774270
hoangvietanh	2025-04-27T03:20:55	taken	105.788939	21.292563
hoangvietanh	2026-03-04T03:40:45	taken	105.866626	20.383653
hoangvietanh	2026-03-05T02:58:45	taken	105.163924	20.000027
hoangvietanh	2026-03-05T03:11:49	taken	105.141390	20.003415
hoangvietanh	2026-03-05T03:53:31	taken	105.180764	19.944664
hoangvietanh	2026-07-07T08:54:46	taken	107.766787	21.000488
hoangvietanh	2026-07-07T08:54:55	taken	107.767015	20.999990
hoangvietanh	2026-07-07T10:08:41	taken	107.747142	21.000010
hoangvietanh	2026-07-07T10:25:29	taken	107.752171	20.966571
filipb	2021-09-20T08:54:22	taken	103.767939	1.298032
filipb	2022-06-28T21:03:22	taken	-71.105514	42.354967
filipb	2022-06-30T18:42:45	taken	-71.076503	42.351207
filipb	2022-09-20T09:15:21	taken	115.175935	-8.771474
filipb	2022-11-27T02:11:27	taken	126.958848	37.556560
filipb	2023-06-21T16:37:20	taken	15.987557	45.746004
filipb	2023-06-23T10:46:45	taken	14.503023	46.055357
filipb	2023-06-23T12:46:04	taken	14.503782	46.052952
filipb	2023-06-25T13:56:06	taken	16.192572	43.058049
filipb	2023-06-30T08:34:43	taken	16.204455	43.397767
filipb	2023-09-07T23:23:13	taken	115.864532	-31.956003
filipb	2023-09-10T01:20:04	taken	115.864464	-31.955904
filipb	2024-03-31T04:06:56	taken	104.613617	0.976763
filipb	2024-03-31T04:31:10	taken	104.500007	0.922192
filipb	2024-03-31T04:31:12	taken	104.499923	0.922119
filipb	2024-03-31T04:51:50	taken	104.439700	0.929713
filipb	2024-06-30T17:06:07	taken	-8.507225	42.894937
filipb	2024-06-30T17:20:10	taken	-8.534990	42.854673
filipb	2024-06-30T17:54:21	taken	-8.655458	42.432034
filipb	2024-06-30T18:44:46	taken	-8.731982	42.233864
filipb	2024-09-25T03:06:11	taken	110.351638	1.558098
filipb	2024-09-26T10:44:17	taken	110.350916	1.557991
filipb	2024-12-30T15:35:59	taken	18.754334	42.448184
filipb	2024-12-30T16:00:05	taken	18.685840	42.466025
filipb	2024-12-31T11:14:21	taken	18.089867	42.652114
filipb	2024-12-31T14:52:25	taken	18.088463	42.651854
filipb	2025-03-28T06:02:01	taken	121.522454	25.053266
filipb	2025-03-30T12:45:18	taken	121.577936	25.050519
filipb	2025-06-29T12:02:14	taken	18.821237	-34.013973
filipb	2025-06-29T12:11:06	taken	18.824631	-34.001514
filipb	2025-06-29T12:12:18	taken	18.826022	-33.997008
filipb	2025-06-29T12:22:40	taken	18.861115	-33.937044
filipb	2025-06-30T05:57:03	taken	18.415902	-33.924767
filipb	2025-06-30T06:23:15	taken	18.414555	-33.920684
filipb	2025-06-30T07:24:06	taken	18.346895	-34.048946
filipb	2025-06-30T14:30:43	taken	18.470159	-34.108526
filipb	2025-09-26T06:30:48	taken	126.985109	37.561083
filipb	2025-12-28T10:36:45	taken	14.352699	45.355500
filipb	2025-12-28T11:29:00	taken	13.682871	45.207911
filipb	2025-12-28T14:21:20	taken	13.647363	45.090705
filipb	2025-12-29T12:58:51	taken	14.451287	45.335748
filipb	2026-05-01T04:23:33	taken	115.253806	-8.488892
filipb	2026-05-02T03:01:44	taken	115.244715	-8.499983
filipb	2026-05-04T01:35:10	taken	115.167246	-8.741820
filipb	2026-05-31T10:11:16	taken	3.794835	51.003666
filipb	2026-05-31T12:12:52	taken	3.447794	51.092289
filipb	2026-05-31T15:23:15	taken	3.222873	51.204870
filipb	2026-06-06T11:09:03	taken	3.723009	51.054767
filipb	2026-06-06T17:26:55	taken	-0.125263	51.529293
filipb	2026-06-09T05:54:29	taken	-0.126966	51.515231
filipb	2026-06-09T11:21:34	taken	4.359719	52.008984
filipb	2026-06-11T16:59:11	taken	4.361808	52.011445
filipb	2026-06-14T11:32:16	taken	6.086797	50.773473
filipb	2026-06-16T08:30:37	taken	6.083743	50.761761
filipb	2026-06-16T09:34:48	taken	4.715690	50.881049
filipb	2026-06-18T14:52:46	taken	4.697052	50.871607
filipb	2026-06-25T11:00:56	taken	15.955517	45.796767
filipb	2026-07-11T01:11:13	taken	103.794145	1.545967
filipb	2026-07-11T08:03:12	taken	103.776439	1.501107
filipb	2026-09-13T06:03:29	taken	103.842001	1.273135
ivanivan	2026-08-29T11:09:38	taken	105.961525	20.951792
ivanivan	2026-08-29T11:13:54	taken	105.978264	20.919353
roadroid	2015-09-24T15:01:22	taken	168.294648	-46.294439
roadroid	2015-12-29T11:51:57	taken	107.282662	-6.232892
roadroid	2015-12-31T16:39:11	taken	107.005253	-6.243561
roadroid	2016-03-31T14:04:31	taken	16.128613	61.825759
roadroid	2016-09-29T08:08:45	taken	17.656059	59.866340
roadroid	2016-09-29T08:46:43	taken	17.919086	59.489408
roadroid	2016-12-20T11:06:55	taken	168.499702	-45.552574
roadroid	2017-03-31T21:25:18	taken	102.211650	2.357070
roadroid	2017-03-31T21:33:03	taken	102.215408	2.294799
roadroid	2017-06-30T16:48:00	taken	20.499643	63.884806
roadroid	2017-09-27T08:23:54	taken	105.223820	-5.168833
roadroid	2017-09-28T08:29:21	taken	105.185534	-5.367500
roadroid	2017-12-18T14:40:10	taken	-88.382934	16.991706
roadroid	2017-12-18T14:46:02	taken	-88.315125	16.998209
roadroid	2018-06-30T17:45:45	taken	13.872589	58.413061
roadroid	2018-09-28T10:58:28	taken	17.999659	59.293012
roadroid	2018-12-18T12:38:04	taken	68.011907	25.000026
roadroid	2020-03-14T16:18:44	taken	68.262954	25.163023
roadroid	2020-06-30T17:30:19	taken	13.568961	58.170857
roadroid	2020-09-30T17:17:02	taken	68.949702	25.106376
roadroid	2020-09-30T18:00:56	taken	68.959518	25.067263
roadroid	2020-12-18T14:26:36	taken	68.607602	28.305723
roadroid	2020-12-18T15:47:55	taken	68.473601	28.236768
roadroid	2020-12-18T15:59:51	taken	68.486347	28.230589
roadroid	2020-12-18T16:16:00	taken	68.554755	28.171842
roadroid	2021-03-31T11:32:41	taken	18.015188	59.517893
roadroid	2021-03-31T11:32:42	taken	12.123481	59.581969
roadroid	2021-03-31T11:39:27	taken	18.033674	59.541454
roadroid	2021-06-30T19:46:34	taken	20.231253	63.823808
roadroid	2021-09-30T13:08:14	taken	12.607886	59.834920
roadroid	2022-03-31T13:17:03	taken	169.314854	-45.538980
roadroid	2022-03-31T14:05:49	taken	169.314710	-45.544243
roadroid	2022-12-28T14:07:24	taken	99.677221	21.447307
roadroid	2022-12-31T13:01:27	taken	99.647927	21.078249
roadroid	2023-06-30T12:59:18	taken	17.634291	59.999584
roadroid	2023-12-29T08:35:03	taken	97.745363	16.000259
roadroid	2023-12-29T09:37:01	taken	97.635919	16.452196
roadroid	2024-03-26T02:21:56	taken	168.290093	-45.858895
roadroid	2024-03-28T09:13:04	taken	16.070034	61.825000
roadroid	2024-09-28T14:24:57	taken	-77.869113	-6.231826
roadroid	2024-09-28T19:00:01	taken	-77.868733	-6.231803
roadroid	2024-12-13T03:35:51	taken	168.381174	-46.467819
roadroid	2025-03-28T06:15:16	taken	107.619910	-7.000115
roadroid	2025-03-28T07:36:25	taken	107.534517	-7.251578
roadroid	2025-09-30T14:29:37	taken	69.616872	25.501225
roadroid	2025-09-30T16:14:32	taken	69.837840	25.612366
roadroid	2025-12-30T12:16:11	taken	90.344053	23.999732
roadroid	2025-12-30T12:43:38	taken	90.381134	23.946980
roadroid	2026-09-10T09:45:44	taken	68.536014	27.428516
roadroid	2026-09-10T11:07:29	taken	68.499992	27.474063
roadroid	2026-09-10T11:44:46	taken	68.478795	27.500017
roadroid	2026-09-11T06:16:00	taken	100.693924	20.366334
roadroid	2026-09-11T07:03:13	taken	100.942986	20.499947
roadroid	2026-09-11T09:39:57	taken	68.500041	27.525505
roadroid	2026-09-12T12:33:25	taken	68.499891	27.504746
roadroid	2026-09-12T16:46:39	taken	68.761195	27.538501
roadroid	2026-09-14T12:20:30	taken	12.499961	59.534291
roadroid	2026-09-14T12:23:23	taken	12.530589	59.545721
roadroid	2026-09-14T15:34:11	taken	68.450253	27.437383
roadroid	2026-09-14T17:35:56	taken	68.566665	27.370785
dung_mirage	2025-04-06T04:42:22	taken	106.330120	20.945126
dung_mirage	2026-02-19T13:23:25	taken	106.313764	20.983647
dung_mirage	2026-04-26T08:27:22	taken	105.770797	21.311487
dung_mirage	2026-04-26T10:02:13	taken	105.778765	21.144560
davidbdean	2017-08-04T06:33:07	taken	153.101657	-27.400320
davidbdean	2017-08-04T07:01:33	taken	152.999922	-27.467560
davidbdean	2017-12-30T04:55:38	taken	153.040164	-27.500001
davidbdean	2018-01-11T21:59:28	taken	152.984551	-27.914099
davidbdean	2018-01-11T22:10:40	taken	152.987783	-28.000071
davidbdean	2018-01-11T22:17:06	taken	153.000096	-28.021305
davidbdean	2018-01-11T22:25:50	taken	153.002985	-28.000086
davidbdean	2018-01-13T22:49:56	taken	152.499844	-27.550570
davidbdean	2018-01-13T23:07:06	taken	152.247355	-27.538150
davidbdean	2018-01-14T21:06:02	taken	151.669898	-30.494734
davidbdean	2018-01-14T21:06:41	taken	151.670562	-30.500121
davidbdean	2018-01-15T08:54:14	taken	151.662210	-30.499979
davidbdean	2018-01-30T20:56:22	taken	153.012716	-27.447823
davidbdean	2018-02-07T00:55:06	taken	152.977043	-27.478568
davidbdean	2018-02-07T02:18:09	taken	152.531134	-27.999854
davidbdean	2018-02-07T02:20:18	taken	152.511334	-28.023034
davidbdean	2018-02-09T03:29:19	taken	151.674891	-30.500147
davidbdean	2018-02-10T05:27:53	taken	153.027236	-27.588404
davidbdean	2018-02-24T23:15:07	taken	151.376850	-30.455851
davidbdean	2018-02-24T23:30:33	taken	151.371556	-30.460843
davidbdean	2019-02-21T01:22:21	taken	105.819390	21.144144
davidbdean	2019-02-21T01:27:19	taken	105.829521	21.184159
davidbdean	2019-02-23T07:22:42	taken	108.324853	15.882598
davidbdean	2019-02-23T08:48:37	taken	108.325727	15.882011
nigelramsay	2014-10-22T08:24:51	taken	174.758197	-41.281106
nigelramsay	2014-12-28T10:55:22	taken	175.026503	-40.865530
nigelramsay	2014-12-28T11:27:10	taken	174.999665	-40.925263
nigelramsay	2014-12-29T12:01:11	taken	175.231918	-41.113723
nigelramsay	2015-09-30T10:38:22	taken	152.208670	-32.499608
nigelramsay	2015-09-30T11:24:47	taken	152.499739	-32.367589
nigelramsay	2015-09-30T11:24:52	taken	152.500112	-32.366825
nigelramsay	2015-09-30T13:55:47	taken	152.516464	-32.183230
nigelramsay	2015-12-24T21:24:12	taken	175.500277	-40.447155
nigelramsay	2016-01-29T05:21:57	taken	177.949836	-39.097392
nigelramsay	2016-01-30T00:50:43	taken	177.584220	-39.037410
nigelramsay	2016-01-30T00:59:06	taken	177.448027	-39.018262
nigelramsay	2016-01-30T02:01:40	taken	177.000970	-39.132982
nigelramsay	2016-06-27T19:23:49	taken	-110.835440	44.530350
nigelramsay	2016-06-27T20:43:46	taken	-110.999853	44.651335
nigelramsay	2016-06-27T20:43:48	taken	-111.000327	44.651245
nigelramsay	2016-06-28T13:06:40	taken	-111.167543	44.673306
nigelramsay	2016-07-17T17:45:20	taken	-123.247583	49.499803
nigelramsay	2016-07-18T16:41:16	taken	-123.206343	49.260172
nigelramsay	2016-08-14T03:34:37	taken	175.195828	-41.151749
nigelramsay	2016-12-30T01:40:28	taken	176.884634	-39.640448
nigelramsay	2016-12-30T22:51:02	taken	176.509739	-39.985762
nigelramsay	2017-05-28T02:44:58	taken	174.939836	-40.999798
nigelramsay	2017-07-16T04:00:02	taken	168.839022	-44.941107
nigelramsay	2017-09-10T21:13:56	taken	-122.658208	48.288349
nigelramsay	2017-09-10T23:41:21	taken	-122.672354	48.499952
nigelramsay	2017-09-10T23:41:22	taken	-122.672163	48.500033
nigelramsay	2017-09-10T23:48:04	taken	-122.612799	48.508057
nigelramsay	2018-01-03T00:12:41	taken	174.007186	-41.288324
nigelramsay	2018-01-05T23:40:24	taken	174.000078	-41.212030
nigelramsay	2018-01-05T23:40:32	taken	173.999974	-41.212022
nigelramsay	2018-01-07T02:49:17	taken	173.920043	-41.264092
nigelramsay	2018-01-20T07:38:17	taken	175.838300	-37.387376
nigelramsay	2018-01-23T07:37:02	taken	175.987009	-37.464027
nigelramsay	2018-09-24T02:19:25	taken	110.306588	1.674492
nigelramsay	2018-09-25T19:55:58	taken	110.447149	1.720273
nigelramsay	2018-10-03T01:40:52	taken	107.048891	20.725005
nigelramsay	2018-10-05T00:04:55	taken	107.048693	20.725071
nigelramsay	2018-12-02T09:57:34	taken	168.871272	-45.000095
nigelramsay	2018-12-02T12:29:41	taken	168.810139	-45.003585
nigelramsay	2019-01-20T09:47:01	taken	171.127906	-42.781363
nigelramsay	2019-01-24T09:24:38	taken	170.168138	-43.427705
nigelramsay	2019-01-25T14:15:26	taken	170.204955	-43.369241
nigelramsay	2019-01-26T10:59:51	taken	171.019917	-42.956515
nigelramsay	2019-04-13T22:34:20	taken	174.798567	-36.299394
nigelramsay	2019-04-16T01:30:08	taken	174.833335	-36.369688
nigelramsay	2019-05-12T03:04:38	taken	175.575444	-40.379982
nigelramsay	2019-09-22T09:17:20	taken	2.175933	41.374514
nigelramsay	2019-09-22T17:16:47	taken	2.161063	41.366494
nigelramsay	2019-09-27T08:03:21	taken	-4.835144	43.256029
nigelramsay	2019-09-27T14:30:08	taken	-4.831379	43.257733
nigelramsay	2020-01-19T00:00:15	taken	175.563636	-39.252710
nigelramsay	2020-01-21T21:49:02	taken	176.144897	-38.698480
nigelramsay	2020-01-22T00:38:14	taken	176.140212	-38.705028
nigelramsay	2020-05-10T04:08:34	taken	174.818302	-41.342336
nigelramsay	2021-11-20T01:59:36	taken	175.091218	-40.877922
nigelramsay	2021-12-16T01:05:05	taken	168.959636	-44.649966
nigelramsay	2022-01-21T02:26:00	taken	175.545700	-39.199655
nigelramsay	2022-12-28T17:01:43	taken	-90.519403	19.859783
nigelramsay	2022-12-28T17:30:28	taken	-90.539711	19.847865
rsnaru	2015-11-04T11:22:56	taken	110.204185	-7.607582
rsnaru	2015-11-04T11:23:20	taken	110.204083	-7.607573
rsnaru	2016-01-10T02:04:16	taken	139.881751	35.945023
rsnaru	2016-06-26T09:58:05	taken	135.759303	35.025121
rsnaru	2016-06-26T17:39:42	taken	135.759785	34.999878
rsnaru	2018-10-20T06:53:44	taken	139.382367	35.619891
rsnaru	2018-11-27T02:32:26	taken	134.048580	34.346319
rsnaru	2018-11-27T03:14:22	taken	134.048832	34.343779
rsnaru	2018-11-30T15:27:17	taken	106.798434	-6.602383
rsnaru	2018-11-30T15:42:13	taken	106.796285	-6.600067
rsnaru	2018-12-01T22:29:28	taken	106.834233	-6.163097
rsnaru	2018-12-01T22:29:54	taken	106.834262	-6.163209
rsnaru	2019-02-25T17:27:57	taken	136.050285	35.142963
rsnaru	2019-03-26T19:21:08	taken	140.830465	38.253731
rsnaru	2019-03-26T19:21:40	taken	140.830458	38.253719
rsnaru	2019-05-17T23:59:52	taken	133.197667	33.863616
rsnaru	2019-05-18T04:38:35	taken	133.195992	33.862310
rsnaru	2019-12-28T10:04:46	taken	136.583802	35.132928
rsnaru	2019-12-28T14:08:17	taken	136.475964	35.006156
rsnaru	2020-03-09T13:24:19	taken	134.793150	34.312361
rsnaru	2020-03-09T15:41:04	taken	134.905133	34.340232
rsnaru	2020-12-10T16:31:01	taken	135.759738	35.000096
rsnaru	2020-12-10T16:36:55	taken	135.749613	34.996284
rsnaru	2021-03-29T10:59:51	taken	140.054120	35.912794
rsnaru	2021-12-31T12:53:56	taken	137.027295	35.017650
rsnaru	2021-12-31T12:59:36	taken	137.016154	34.999895
rsnaru	2021-12-31T13:18:15	taken	137.020141	34.999922
rsnaru	2021-12-31T13:26:35	taken	137.004941	35.038487
rsnaru	2022-03-31T14:52:40	taken	140.015052	36.000093
rsnaru	2022-03-31T17:06:02	taken	140.025082	36.028185
rsnaru	2022-09-22T17:09:39	taken	140.975462	42.366384
rsnaru	2022-09-22T17:23:07	taken	140.999747	42.383581
rsnaru	2022-09-22T17:23:08	taken	141.000012	42.383550
rsnaru	2022-09-22T17:23:30	taken	141.005923	42.383316
rsnaru	2022-12-29T06:47:38	taken	138.989539	35.358764
rsnaru	2022-12-30T04:02:58	taken	136.727779	35.037113
rsnaru	2023-09-25T08:14:13	taken	142.661255	43.758694
rsnaru	2023-09-25T08:38:48	taken	142.648203	43.736152
rsnaru	2023-09-25T22:42:38	taken	142.391410	43.689460
rsnaru	2023-09-25T22:53:57	taken	142.449856	43.644595
rsnaru	2024-10-14T22:58:04	taken	139.573803	36.747035
rsnaru	2024-10-14T23:17:28	taken	139.499895	36.735695
rsnaru	2024-10-15T05:12:54	taken	139.499980	36.739290
rsnaru	2024-10-15T07:28:29	taken	139.618755	36.746257
rsnaru	2024-11-09T03:26:29	taken	140.055694	35.625180
rsnaru	2025-02-16T05:37:18	taken	138.936089	35.000086
rsnaru	2025-02-16T05:37:20	taken	138.935834	34.999594
rsnaru	2025-02-16T07:37:14	taken	139.000073	34.746716
rsnaru	2025-02-17T07:47:59	taken	139.083140	35.000009
rsnaru	2025-02-17T08:25:22	taken	139.114064	35.145360
rsnaru	2025-03-08T01:49:46	taken	139.000052	34.746509
rsnaru	2025-03-08T05:43:16	taken	138.995349	34.747884
rsnaru	2025-03-30T08:05:42	taken	139.499882	35.926924
rsnaru	2025-03-31T01:35:59	taken	139.608552	35.861612
mcmayer	2017-11-03T02:32:12	taken	103.968449	22.484317
mcmayer	2017-11-05T08:22:37	taken	103.968695	22.500019
mcmayer	2017-11-05T09:17:51	taken	103.971796	22.500063
mcmayer	2017-11-05T09:44:43	taken	103.978215	22.492149
mcmayer	2017-12-26T13:47:07	taken	10.307296	47.681868
mcmayer	2017-12-26T14:08:20	taken	10.301521	47.682081
trongducproengco	2019-12-02T09:12:02	taken	108.854336	13.946396
trongducproengco	2019-12-02T14:06:06	taken	108.511348	13.975995
trongducproengco	2019-12-02T14:09:57	taken	108.482539	13.970614
trongducproengco	2019-12-02T14:18:22	taken	108.435681	14.012973
trongducproengco	2019-12-02T15:13:07	taken	108.180435	14.000645
trongducproengco	2019-12-02T16:12:06	taken	108.004913	13.972505
XeLangThang	2024-09-21T00:30:19	taken	105.727883	21.010830
XeLangThang	2024-09-21T00:39:16	taken	105.632670	21.002863
XeLangThang	2024-09-21T00:47:33	taken	105.552518	20.990450
XeLangThang	2024-09-21T00:54:49	taken	105.500118	20.990115
XeLangThang	2024-09-21T00:54:50	taken	105.499944	20.990163
XeLangThang	2024-09-21T00:58:27	taken	105.482021	21.000000
XeLangThang	2024-09-21T01:09:14	taken	105.412910	21.000079
XeLangThang	2024-09-21T03:09:01	taken	104.999968	20.719326
XeLangThang	2024-09-21T04:22:29	taken	104.499755	20.904442
XeLangThang	2024-09-21T05:30:00	taken	104.402797	21.000098
XeLangThang	2024-09-21T06:49:11	taken	103.999902	21.251794
XeLangThang	2024-09-22T02:10:58	taken	103.999976	21.251816
XeLangThang	2024-09-22T02:12:26	taken	104.007886	21.245932
XeLangThang	2024-09-22T04:58:06	taken	104.433530	20.958476
XeLangThang	2024-09-22T07:12:36	taken	104.590467	20.871303
XeLangThang	2024-09-22T08:28:50	taken	105.059008	20.715328
ferahkoksal	2016-03-03T23:45:00	taken	29.071030	41.125108
ferahkoksal	2018-09-08T12:46:13	taken	29.144719	40.995533
ferahkoksal	2018-10-07T11:49:22	taken	28.984866	41.100646
ferahkoksal	2019-06-05T07:27:27	taken	30.496108	37.170729
ferahkoksal	2019-06-05T07:30:18	taken	30.500250	37.200696
ferahkoksal	2019-06-05T07:40:03	taken	30.499964	37.333905
ferahkoksal	2019-06-05T08:16:58	taken	30.505678	37.525592
ferahkoksal	2019-06-05T08:17:19	taken	30.500174	37.527607
ferahkoksal	2019-06-05T08:17:20	taken	30.499903	37.527702
ferahkoksal	2019-06-05T09:26:53	taken	30.193169	38.000413
ferahkoksal	2019-06-05T09:55:06	taken	29.999990	38.230050
ferahkoksal	2019-06-05T13:48:32	taken	29.762312	38.304943
ferahkoksal	2019-06-30T10:06:00	taken	-6.247407	53.328802
ferahkoksal	2019-06-30T10:21:02	taken	-6.258924	53.345417
ferahkoksal	2019-06-30T15:05:10	taken	-0.453766	51.468793
ferahkoksal	2019-06-30T15:06:09	taken	-0.454527	51.469743
ferahkoksal	2019-08-10T12:47:18	taken	30.629684	36.899892
ferahkoksal	2019-09-13T07:46:52	taken	36.162102	36.199152
ferahkoksal	2019-09-13T07:48:56	taken	36.160844	36.198999
ferahkoksal	2019-10-12T14:53:13	taken	-8.629876	41.158302
ferahkoksal	2019-10-12T15:00:26	taken	-8.627415	41.155603
ferahkoksal	2019-12-10T11:35:05	taken	29.107050	40.999970
ferahkoksal	2019-12-14T08:39:24	taken	28.742347	41.258683
ferahkoksal	2019-12-14T12:51:35	taken	32.923317	40.066559
ferahkoksal	2019-12-14T12:56:54	taken	32.894521	39.999876
ferahkoksal	2019-12-15T10:09:54	taken	32.894637	39.999913
ferahkoksal	2019-12-15T10:10:33	taken	32.893018	40.007114
ferahkoksal	2020-07-01T13:40:27	taken	30.245891	38.431504
ferahkoksal	2020-07-01T15:14:38	taken	30.495952	37.528863
ferahkoksal	2020-07-02T16:20:48	taken	30.630819	36.999923
ferahkoksal	2020-07-02T16:32:46	taken	30.576737	37.121406
ferahkoksal	2020-12-21T16:09:40	taken	29.036941	41.130569
phoenixmap_95	2023-11-15T07:23:06	taken	100.750625	13.698379
phoenixmap_95	2023-11-16T07:32:54	taken	100.564327	13.744227
phoenixmap_95	2025-01-25T16:33:51	taken	106.643073	10.767815
phoenixmap_95	2025-01-30T03:49:31	taken	105.090710	9.993402
phoenixmap_95	2025-01-30T04:02:20	taken	105.116625	9.961985
phoenixmap_95	2025-02-06T04:47:18	taken	106.684410	10.999705
phoenixmap_95	2025-02-06T04:47:20	taken	106.684488	11.000002
phoenixmap_95	2025-02-06T05:01:47	taken	106.668529	11.055765
phoenixmap_95	2025-03-26T08:44:46	taken	126.489442	37.452805
phoenixmap_95	2025-03-26T08:44:58	taken	126.489854	37.455549
Frigyes06	2023-11-29T17:57:54	taken	-122.700058	38.334497
Frigyes06	2024-08-11T10:51:22	taken	19.332231	47.641867
Frigyes06	2024-08-11T10:57:42	taken	19.335078	47.638115
Frigyes06	2024-10-05T02:04:04	taken	-122.549134	38.083004
24dakenlo	2013-08-14T10:16:22	taken	140.097170	36.213085
24dakenlo	2013-12-01T12:45:21	taken	139.654347	36.234773
24dakenlo	2014-02-16T11:34:55	taken	139.996857	35.964096
24dakenlo	2014-09-23T09:20:24	taken	139.631280	36.742435
24dakenlo	2014-09-26T09:00:41	taken	140.034275	35.987773
24dakenlo	2014-10-11T12:12:47	taken	140.501543	35.667835
24dakenlo	2015-01-02T16:30:11	taken	139.343158	36.818463
24dakenlo	2016-02-15T07:38:11	taken	104.997562	21.522133
24dakenlo	2016-02-23T12:44:53	taken	137.859865	36.012137
24dakenlo	2016-02-23T13:21:19	taken	138.007470	36.396508
24dakenlo	2016-02-23T14:28:48	taken	138.522825	36.310200
24dakenlo	2016-02-23T15:01:17	taken	139.024005	36.297003
24dakenlo	2016-05-15T16:07:34	taken	140.762208	35.835292
24dakenlo	2016-08-01T11:59:56	taken	141.545638	43.080235
24dakenlo	2016-09-19T15:10:06	taken	112.335005	0.858730
24dakenlo	2016-09-23T09:41:47	taken	112.206637	0.999762
24dakenlo	2017-03-24T08:18:16	taken	140.522192	-2.757372
24dakenlo	2017-03-27T09:55:12	taken	140.505318	-2.697650
24dakenlo	2017-04-15T13:47:38	taken	139.750887	35.706877
24dakenlo	2017-09-26T16:55:26	taken	139.501428	36.739027
24dakenlo	2017-09-30T09:13:27	taken	139.000220	36.689804
24dakenlo	2017-09-30T09:13:29	taken	138.999436	36.689968
24dakenlo	2017-12-01T10:25:57	taken	139.023847	35.187847
24dakenlo	2017-12-01T13:54:52	taken	139.019644	35.242541
24dakenlo	2018-03-26T12:41:32	taken	107.999680	10.965327
24dakenlo	2018-03-26T13:56:14	taken	107.500729	10.968090
24dakenlo	2018-03-26T13:56:24	taken	107.499346	10.968291
24dakenlo	2018-03-26T15:03:04	taken	106.998558	10.944977
24dakenlo	2018-03-27T07:43:48	taken	106.999375	10.772751
24dakenlo	2018-03-27T08:13:58	taken	107.162162	10.999194
24dakenlo	2018-03-27T08:14:08	taken	107.162690	11.000534
24dakenlo	2018-03-27T09:22:58	taken	107.438460	11.270949
24dakenlo	2018-09-26T09:40:28	taken	104.165368	17.253663
24dakenlo	2018-09-26T16:19:27	taken	104.115891	17.296105
24dakenlo	2019-03-10T17:35:51	taken	104.999752	21.520388
24dakenlo	2019-05-18T12:38:22	taken	140.124159	35.999924
24dakenlo	2020-09-09T11:33:42	taken	137.256412	36.142759
24dakenlo	2021-05-04T16:56:01	taken	140.803398	36.829751
24dakenlo	2021-05-04T17:55:05	taken	140.566862	36.500363
24dakenlo	2022-10-22T15:25:54	taken	139.141015	36.203558
24dakenlo	2023-07-08T16:23:30	taken	141.515694	43.057551
24dakenlo	2023-09-23T01:09:54	taken	138.509711	38.070435
24dakenlo	2023-09-23T02:45:10	taken	138.537994	38.000131
24dakenlo	2023-09-23T02:45:12	taken	138.537993	37.999886
24dakenlo	2023-09-23T02:59:12	taken	138.499902	37.942482
24dakenlo	2023-09-23T03:53:21	taken	138.500109	37.927542
24dakenlo	2023-09-23T23:21:43	taken	138.323368	38.000011
24dakenlo	2023-09-24T01:13:55	taken	138.234893	37.999903
24dakenlo	2023-09-24T05:20:24	taken	138.420455	38.037682
24dakenlo	2024-10-31T01:00:32	taken	138.388979	35.834456
24dakenlo	2024-10-31T02:07:47	taken	138.456726	35.958386
24dakenlo	2024-11-19T06:06:54	taken	140.000773	36.111794
24dakenlo	2024-11-19T06:24:30	taken	139.905340	36.110174
24dakenlo	2024-11-19T22:39:11	taken	137.500225	36.170096
24dakenlo	2024-11-19T23:06:01	taken	137.423619	36.146073
24dakenlo	2024-12-06T01:05:51	taken	138.499740	36.339996
24dakenlo	2024-12-06T03:59:58	taken	138.546716	36.499857
24dakenlo	2024-12-06T05:11:56	taken	138.548376	36.517070
24dakenlo	2025-07-27T08:51:09	taken	74.584222	42.732844
24dakenlo	2025-07-30T10:55:15	taken	74.500086	42.556135
dohonganh	2017-01-23T06:34:54	taken	104.035651	10.055688
dohonganh	2017-01-24T05:47:24	taken	104.000046	10.374702
dohonganh	2017-01-24T05:47:35	taken	103.999780	10.373782
dohonganh	2017-01-24T06:23:35	taken	103.970940	10.216809
bemaps1	2023-11-08T14:03:10	taken	106.702183	10.775863
bemaps1	2024-10-30T11:50:36	taken	106.727227	10.775383
YuMochizuki	2022-12-16T07:17:09	taken	139.698576	35.695003
YuMochizuki	2024-01-31T05:38:40	taken	139.666189	35.668942
anyalaya	2018-03-19T20:55:29	taken	105.668199	21.121956
anyalaya	2018-03-19T21:53:12	taken	105.557252	21.145475
anyalaya	2018-03-19T23:37:48	taken	105.378483	21.085610
anyalaya	2018-03-19T23:37:55	taken	105.378501	21.085611
jeepney	2015-07-20T06:33:55	taken	123.898367	10.304757
jeepney	2015-07-20T08:59:49	taken	123.907558	10.309086
jeepney	2015-10-21T01:07:20	taken	106.693225	26.589961
jeepney	2016-04-25T02:18:04	taken	107.253026	27.831091
jeepney	2016-04-25T02:55:03	taken	107.254062	27.834379
jeepney	2016-04-28T06:10:37	taken	106.256756	26.612298
jeepney	2016-04-28T07:29:52	taken	106.263832	26.619069
jeepney	2016-05-04T02:47:00	taken	105.266374	25.629545
jeepney	2016-05-04T08:12:26	taken	105.207529	25.821703
jeepney	2016-10-25T03:03:10	taken	108.005168	28.170753
jeepney	2017-04-11T03:29:48	taken	103.059648	35.453517
jeepney	2017-04-11T05:56:51	taken	102.998810	35.449357
jeepney	2017-04-11T07:14:25	taken	102.999968	35.449970
jeepney	2017-04-11T07:25:35	taken	103.039275	35.479362
jeepney	2017-04-20T04:06:46	taken	108.259132	28.196552
jeepney	2017-08-28T03:15:51	taken	102.608634	17.962246
jeepney	2017-08-28T04:05:12	taken	102.544722	18.000392
jeepney	2017-08-28T05:03:23	taken	102.499953	18.186895
jeepney	2017-08-28T06:06:05	taken	102.544825	18.000004
jeepney	2017-10-11T08:03:18	taken	106.909253	26.718938
jeepney	2017-10-21T02:24:13	taken	102.500213	17.975141
jeepney	2017-10-21T02:24:15	taken	102.499934	17.975160
jeepney	2017-10-21T02:51:39	taken	102.412831	17.999994
jeepney	2017-10-21T07:21:07	taken	102.208474	18.188818
jeepney	2018-05-14T02:12:39	taken	101.393570	18.175803
jeepney	2018-05-14T02:49:52	taken	101.419740	17.999969
jeepney	2018-05-14T03:08:35	taken	101.418333	17.989737
jeepney	2018-05-14T03:40:55	taken	101.390294	18.176494
trungtran0902	2023-08-08T11:54:21	taken	106.626945	10.825869
trungtran0902	2023-08-08T11:58:20	taken	106.621831	10.828559
Ngphuviet9172	2024-03-23T05:34:27	taken	106.000040	20.976851
Ngphuviet9172	2024-03-23T05:35:59	taken	106.000051	20.976812
Ngphuviet9172	2024-03-31T04:09:15	taken	105.996554	20.972931
Ngphuviet9172	2024-04-14T04:02:46	taken	105.978201	20.984494
sergestinckwich	2016-06-12T09:15:16	taken	11.516158	3.880121
sergestinckwich	2016-06-13T09:52:10	taken	11.497673	3.862057
sergestinckwich	2016-07-01T15:42:49	taken	11.555777	4.004270
sergestinckwich	2016-07-01T15:44:19	taken	11.557407	4.016188
sergestinckwich	2016-07-01T16:35:04	taken	11.260363	4.372175
sergestinckwich	2016-07-01T16:51:35	taken	11.267813	4.365914
sergestinckwich	2016-07-17T11:34:46	taken	2.295779	48.889488
sergestinckwich	2016-08-03T18:59:25	taken	5.913968	45.567892
sergestinckwich	2016-08-05T18:46:42	taken	5.920685	45.564984
sergestinckwich	2017-06-10T10:55:20	taken	6.340797	45.309657
sergestinckwich	2017-06-10T11:03:26	taken	6.301028	45.360457
sergestinckwich	2017-09-20T16:13:35	taken	2.489678	48.922555
sergestinckwich	2017-09-28T15:36:02	taken	10.035742	3.948827
sergestinckwich	2017-09-28T15:36:14	taken	10.035774	3.948824
sergestinckwich	2017-09-30T16:34:44	taken	10.928436	3.860515
sergestinckwich	2017-09-30T16:36:19	taken	10.948334	3.852009
sergestinckwich	2017-12-03T09:36:08	taken	10.087066	3.013162
sergestinckwich	2018-01-02T10:10:52	taken	11.242335	3.779911
sergestinckwich	2018-05-29T15:56:06	taken	11.521420	3.875632
sergestinckwich	2020-05-12T05:49:15	taken	113.547369	22.195931
sergestinckwich	2021-04-04T05:19:48	taken	113.547509	22.201422
phamngocanh501	2024-09-10T00:50:40	taken	105.390183	21.333777
phamngocanh501	2024-09-10T00:53:00	taken	105.389292	21.334544
